Time-Stamp, Data-Prefix, Data-Size, OutputStream, Age, Geschlecht, Inzidenzort, Geburtsdatum, Diagnose_ICD10_Code, Diagnosedatum, Average-Risk, Lowest-Risk, Highest-Risk

2023-09-25 13:34:17.517, zfkd_, 60000_, test_zfkd_2.txt, 0, 1, 1, 0, 0, 0, 0.3164, 0.07692307692307693, 1.0
2023-09-25 13:34:21.145, zfkd_, 60000_, test_zfkd_2.txt, 0, 1, 2, 0, 0, 0, 0.3164, 0.07692307692307693, 1.0
2023-09-25 13:34:24.722, zfkd_, 60000_, test_zfkd_2.txt, 0, 1, 3, 0, 0, 0, 0.3164, 0.07692307692307693, 1.0
2023-09-25 13:34:29.301, zfkd_, 60000_, test_zfkd_2.txt, 0, 1, 4, 0, 0, 0, 0.3164, 0.07692307692307693, 1.0
2023-09-25 13:34:32.162, zfkd_, 60000_, test_zfkd_2.txt, 0, 1, 5, 0, 0, 0, 0.3164, 0.07692307692307693, 1.0
2023-09-25 13:34:34.918, zfkd_, 60000_, test_zfkd_2.txt, 0, 1, 6, 0, 0, 0, 0.3164, 0.07692307692307693, 1.0
2023-09-26 13:25:31.884, zfkd_, 60000_, test_zfkd_2.txt, 0, 0, 0, 0, 0, 0, 0.3164, 0.07692307692307693, 1.0
2023-09-26 13:25:34.335, zfkd_, 60000_, test_zfkd_2.txt, 0, 0, 1, 0, 0, 0, 0.3164, 0.07692307692307693, 1.0
2023-09-26 13:25:36.364, zfkd_, 60000_, test_zfkd_2.txt, 0, 0, 2, 0, 0, 0, 0.3164, 0.07692307692307693, 1.0
2023-09-26 13:25:38.366, zfkd_, 60000_, test_zfkd_2.txt, 0, 0, 3, 0, 0, 0, 0.3164, 0.07692307692307693, 1.0
2023-09-26 13:25:41.32, zfkd_, 60000_, test_zfkd_2.txt, 0, 0, 4, 0, 0, 0, 0.3164, 0.07692307692307693, 1.0
2023-09-26 13:25:43.644, zfkd_, 60000_, test_zfkd_2.txt, 0, 0, 5, 0, 0, 0, 0.3164, 0.07692307692307693, 1.0
2023-09-26 13:25:46.549, zfkd_, 60000_, test_zfkd_2.txt, 0, 0, 6, 0, 0, 0, 0.3164, 0.07692307692307693, 1.0
2023-09-26 13:25:49.723, zfkd_, 60000_, test_zfkd_2.txt, 0, 1, 0, 0, 0, 0, 0.3164, 0.07692307692307693, 1.0
2023-09-26 13:25:51.651, zfkd_, 60000_, test_zfkd_2.txt, 0, 1, 1, 0, 0, 0, 0.3164, 0.07692307692307693, 1.0
2023-09-26 13:25:54.025, zfkd_, 60000_, test_zfkd_2.txt, 0, 1, 2, 0, 0, 0, 0.3164, 0.07692307692307693, 1.0
2023-09-26 13:25:56.71, zfkd_, 60000_, test_zfkd_2.txt, 0, 1, 3, 0, 0, 0, 0.3164, 0.07692307692307693, 1.0
2023-09-26 13:25:59.619, zfkd_, 60000_, test_zfkd_2.txt, 0, 1, 4, 0, 0, 0, 0.3164, 0.07692307692307693, 1.0
2023-09-26 13:26:02.328, zfkd_, 60000_, test_zfkd_2.txt, 0, 1, 5, 0, 0, 0, 0.3164, 0.07692307692307693, 1.0
2023-09-26 13:26:04.536, zfkd_, 60000_, test_zfkd_2.txt, 0, 1, 6, 0, 0, 0, 0.3164, 0.07692307692307693, 1.0
2023-09-26 13:26:07.616, zfkd_, 60000_, test_zfkd_2.txt, 0, 2, 0, 0, 0, 0, 0.3164, 0.07692307692307693, 1.0
2023-09-26 13:26:10.004, zfkd_, 60000_, test_zfkd_2.txt, 0, 2, 1, 0, 0, 0, 0.3164, 0.07692307692307693, 1.0
2023-09-26 13:26:13.148, zfkd_, 60000_, test_zfkd_2.txt, 0, 2, 2, 0, 0, 0, 0.3164, 0.07692307692307693, 1.0
2023-09-26 13:26:17.312, zfkd_, 60000_, test_zfkd_2.txt, 0, 2, 3, 0, 0, 0, 0.3164, 0.07692307692307693, 1.0
2023-09-26 13:26:22.537, zfkd_, 60000_, test_zfkd_2.txt, 0, 2, 4, 0, 0, 0, 0.3164, 0.07692307692307693, 1.0
2023-09-26 13:26:26.005, zfkd_, 60000_, test_zfkd_2.txt, 0, 2, 5, 0, 0, 0, 0.3164, 0.07692307692307693, 1.0
2023-09-26 13:26:29.382, zfkd_, 60000_, test_zfkd_2.txt, 0, 2, 6, 0, 0, 0, 0.3164, 0.07692307692307693, 1.0
2023-09-26 13:28:17.758, zfkd_, 60000_, test_zfkd_2.txt, 0, 0, 0, 0, 0, 0, 0.3164, 0.07692307692307693, 1.0
2023-09-26 13:28:21.246, zfkd_, 60000_, test_zfkd_2.txt, 0, 0, 1, 0, 0, 0, 0.3164, 0.07692307692307693, 1.0
2023-09-26 13:28:23.789, zfkd_, 60000_, test_zfkd_2.txt, 0, 0, 2, 0, 0, 0, 0.3164, 0.07692307692307693, 1.0
2023-09-26 13:28:25.946, zfkd_, 60000_, test_zfkd_2.txt, 0, 0, 3, 0, 0, 0, 0.3164, 0.07692307692307693, 1.0
2023-09-26 13:28:28.169, zfkd_, 60000_, test_zfkd_2.txt, 0, 0, 4, 0, 0, 0, 0.3164, 0.07692307692307693, 1.0
2023-09-26 13:28:30.4, zfkd_, 60000_, test_zfkd_2.txt, 0, 0, 5, 0, 0, 0, 0.3164, 0.07692307692307693, 1.0
2023-09-26 13:28:33.355, zfkd_, 60000_, test_zfkd_2.txt, 0, 0, 6, 0, 0, 0, 0.3164, 0.07692307692307693, 1.0
2023-09-26 13:28:37.332, zfkd_, 60000_, test_zfkd_2.txt, 0, 1, 0, 0, 0, 0, 0.3164, 0.07692307692307693, 1.0
2023-09-26 13:28:42.566, zfkd_, 60000_, test_zfkd_2.txt, 0, 1, 1, 0, 0, 0, 0.3164, 0.07692307692307693, 1.0
2023-09-26 13:28:47.313, zfkd_, 60000_, test_zfkd_2.txt, 0, 1, 2, 0, 0, 0, 0.3164, 0.07692307692307693, 1.0
2023-09-26 13:28:51.475, zfkd_, 60000_, test_zfkd_2.txt, 0, 1, 3, 0, 0, 0, 0.3164, 0.07692307692307693, 1.0
2023-09-26 13:28:58.169, zfkd_, 60000_, test_zfkd_2.txt, 0, 1, 4, 0, 0, 0, 0.3164, 0.07692307692307693, 1.0
2023-09-26 13:29:02.755, zfkd_, 60000_, test_zfkd_2.txt, 0, 1, 5, 0, 0, 0, 0.3164, 0.07692307692307693, 1.0
2023-09-26 13:29:10.036, zfkd_, 60000_, test_zfkd_2.txt, 0, 1, 6, 0, 0, 0, 0.3164, 0.07692307692307693, 1.0
2023-09-26 13:29:17.701, zfkd_, 60000_, test_zfkd_2.txt, 0, 2, 0, 0, 0, 0, 0.3164, 0.07692307692307693, 1.0
2023-09-26 13:29:25.284, zfkd_, 60000_, test_zfkd_2.txt, 0, 2, 1, 0, 0, 0, 0.3164, 0.07692307692307693, 1.0
2023-09-26 13:32:32.202, zfkd_, 60000_, test_zfkd_2.txt, 0, 0, 0, 0, 0, 0, 0.22051666666666667, 0.045454545454545456, 1.0
2023-09-26 13:32:37.534, zfkd_, 60000_, test_zfkd_2.txt, 0, 0, 1, 0, 0, 0, 0.22051666666666667, 0.045454545454545456, 1.0
2023-09-26 13:33:13.504, zfkd_, 60000_, test_zfkd_2.txt, 0, 0, 0, 0, 0, 0, 0.22051666666666667, 0.045454545454545456, 1.0
2023-09-26 13:33:38.446, zfkd_, 60000_, test_zfkd_2.txt, 0, 0, 0, 0, 0, 0, 0.22051666666666667, 0.045454545454545456, 1.0
2023-09-26 13:33:43.444, zfkd_, 60000_, test_zfkd_2.txt, 0, 1, 0, 0, 0, 0, 0.22051666666666667, 0.045454545454545456, 1.0
2023-09-26 13:35:05.08, zfkd_, 60000_, test_zfkd_2.txt, 0, 0, 0, 0, 0, 0, 0.22051666666666667, 0.045454545454545456, 1.0
2023-09-26 13:35:09.947, zfkd_, 60000_, test_zfkd_2.txt, 0, 1, 0, 0, 0, 0, 0.22051666666666667, 0.045454545454545456, 1.0
2023-09-26 13:35:14.56, zfkd_, 60000_, test_zfkd_2.txt, 0, 2, 0, 0, 0, 0, 0.22051666666666667, 0.045454545454545456, 1.0
2023-09-26 13:35:19.372, zfkd_, 60000_, test_zfkd_2.txt, 1, 0, 0, 0, 0, 0, 0.22051666666666667, 0.045454545454545456, 1.0
2023-09-26 13:35:25.257, zfkd_, 60000_, test_zfkd_2.txt, 1, 1, 0, 0, 0, 0, 0.22051666666666667, 0.045454545454545456, 1.0
2023-09-26 13:35:29.805, zfkd_, 60000_, test_zfkd_2.txt, 1, 2, 0, 0, 0, 0, 0.22051666666666667, 0.045454545454545456, 1.0
2023-09-26 13:35:34.818, zfkd_, 60000_, test_zfkd_2.txt, 2, 0, 0, 0, 0, 0, 0.22051666666666667, 0.045454545454545456, 1.0
2023-09-26 13:47:01.267, zfkd_, 60000_, test_zfkd_2.txt, 0, 0, 0, 0, 0, 0, 0.22051666666666667, 0.045454545454545456, 1.0
2023-09-26 13:47:05.898, zfkd_, 60000_, test_zfkd_2.txt, 0, 1, 0, 0, 0, 0, 0.22051666666666667, 0.045454545454545456, 1.0
2023-09-26 13:47:10.479, zfkd_, 60000_, test_zfkd_2.txt, 0, 2, 0, 0, 0, 0, 0.22051666666666667, 0.045454545454545456, 1.0
2023-09-26 13:47:15.124, zfkd_, 60000_, test_zfkd_2.txt, 1, 0, 0, 0, 0, 0, 0.22051666666666667, 0.045454545454545456, 1.0
2023-09-26 13:47:21.153, zfkd_, 60000_, test_zfkd_2.txt, 1, 1, 0, 0, 0, 0, 0.22051666666666667, 0.045454545454545456, 1.0
2023-09-26 13:47:25.654, zfkd_, 60000_, test_zfkd_2.txt, 1, 2, 0, 0, 0, 0, 0.22051666666666667, 0.045454545454545456, 1.0
2023-09-26 13:47:30.6, zfkd_, 60000_, test_zfkd_2.txt, 2, 0, 0, 0, 0, 0, 0.22051666666666667, 0.045454545454545456, 1.0
2023-09-26 13:47:35.613, zfkd_, 60000_, test_zfkd_2.txt, 2, 1, 0, 0, 0, 0, 0.22051666666666667, 0.045454545454545456, 1.0
2023-09-26 13:47:40.917, zfkd_, 60000_, test_zfkd_2.txt, 2, 2, 0, 0, 0, 0, 0.22051666666666667, 0.045454545454545456, 1.0
2023-09-26 13:47:45.872, zfkd_, 60000_, test_zfkd_2.txt, 3, 0, 0, 0, 0, 0, 0.22051666666666667, 0.045454545454545456, 1.0
2023-09-26 13:47:53.119, zfkd_, 60000_, test_zfkd_2.txt, 3, 1, 0, 0, 0, 0, 0.22051666666666667, 0.045454545454545456, 1.0
2023-09-26 13:47:59.901, zfkd_, 60000_, test_zfkd_2.txt, 3, 2, 0, 0, 0, 0, 0.22051666666666667, 0.045454545454545456, 1.0
2023-09-26 13:48:05.153, zfkd_, 60000_, test_zfkd_2.txt, 4, 0, 0, 0, 0, 0, 0.22051666666666667, 0.045454545454545456, 1.0
2023-09-26 13:48:10.452, zfkd_, 60000_, test_zfkd_2.txt, 4, 1, 0, 0, 0, 0, 0.22051666666666667, 0.045454545454545456, 1.0
2023-09-26 13:48:15.018, zfkd_, 60000_, test_zfkd_2.txt, 4, 2, 0, 0, 0, 0, 0.22051666666666667, 0.045454545454545456, 1.0
2023-09-26 13:48:19.433, zfkd_, 60000_, test_zfkd_2.txt, 5, 0, 0, 0, 0, 0, 0.22051666666666667, 0.045454545454545456, 1.0
2023-09-26 13:48:25.307, zfkd_, 60000_, test_zfkd_2.txt, 5, 1, 0, 0, 0, 0, 0.22051666666666667, 0.045454545454545456, 1.0
2023-09-26 13:48:29.906, zfkd_, 60000_, test_zfkd_2.txt, 5, 2, 0, 0, 0, 0, 0.22051666666666667, 0.045454545454545456, 1.0
2023-09-26 14:12:22.034, zfkd_, 60000_, test_zfkd_2.txt, 0, 0, 0, 0, 0, 0, 0.22051666666666667, 0.045454545454545456, 1.0
2023-09-26 14:12:27.668, zfkd_, 60000_, test_zfkd_2.txt, 0, 1, 0, 0, 0, 0, 0.22051666666666667, 0.045454545454545456, 1.0
2023-09-26 14:28:24.636, zfkd_, 60000_, test_zfkd_2.txt, 0, 0, 0, 0, 0, 0, 0.22051666666666667, 0.045454545454545456, 1.0
2023-09-26 14:32:55.412, zfkd_, 60000_, test_zfkd_2.txt, 0, 0, 0, 0, 0, 0, 0.22051666666666667, 0.045454545454545456, 1.0
2023-09-26 14:35:01.784, zfkd_, 60000_, test_zfkd_2.txt, 0, 0, 0, 0, 0, 0, 0.22051666666666667, 0.045454545454545456, 1.0
2023-09-26 14:35:05.113, zfkd_, 60000_, test_zfkd_2.txt, 0, 1, 0, 0, 0, 0, 0.22051666666666667, 0.045454545454545456, 1.0
2023-09-26 14:35:08.216, zfkd_, 60000_, test_zfkd_2.txt, 0, 2, 0, 0, 0, 0, 0.22051666666666667, 0.045454545454545456, 1.0
2023-09-26 14:35:11.194, zfkd_, 60000_, test_zfkd_2.txt, 1, 0, 0, 0, 0, 0, 0.22051666666666667, 0.045454545454545456, 1.0
2023-09-26 14:35:14.345, zfkd_, 60000_, test_zfkd_2.txt, 1, 1, 0, 0, 0, 0, 0.22051666666666667, 0.045454545454545456, 1.0
2023-09-26 14:35:18.309, zfkd_, 60000_, test_zfkd_2.txt, 1, 2, 0, 0, 0, 0, 0.22051666666666667, 0.045454545454545456, 1.0
2023-09-26 14:38:24.249, zfkd_, 60000_, test_zfkd_2.txt, 0, 0, 0, 0, 0, 0, 0.22051666666666667, 0.045454545454545456, 1.0
2023-09-26 14:38:27.382, zfkd_, 60000_, test_zfkd_2.txt, 0, 1, 0, 0, 0, 0, 0.22051666666666667, 0.045454545454545456, 1.0
2023-09-26 14:38:30.386, zfkd_, 60000_, test_zfkd_2.txt, 0, 2, 0, 0, 0, 0, 0.22051666666666667, 0.045454545454545456, 1.0
2023-09-26 14:38:33.253, zfkd_, 60000_, test_zfkd_2.txt, 1, 0, 0, 0, 0, 0, 0.22051666666666667, 0.045454545454545456, 1.0
2023-09-26 14:38:35.877, zfkd_, 60000_, test_zfkd_2.txt, 1, 1, 0, 0, 0, 0, 0.22051666666666667, 0.045454545454545456, 1.0
2023-09-26 14:38:39.156, zfkd_, 60000_, test_zfkd_2.txt, 1, 2, 0, 0, 0, 0, 0.22051666666666667, 0.045454545454545456, 1.0
2023-09-26 14:38:41.842, zfkd_, 60000_, test_zfkd_2.txt, 2, 0, 0, 0, 0, 0, 0.22051666666666667, 0.045454545454545456, 1.0
2023-09-26 14:38:45.744, zfkd_, 60000_, test_zfkd_2.txt, 2, 1, 0, 0, 0, 0, 0.22051666666666667, 0.045454545454545456, 1.0
2023-09-26 14:40:10.553, zfkd_, 60000_, test_zfkd_2.txt, 0, 0, 0, 0, 0, 0, 0.22051666666666667, 0.045454545454545456, 1.0
2023-09-26 14:40:15.155, zfkd_, 60000_, test_zfkd_2.txt, 0, 1, 0, 0, 0, 0, 0.22051666666666667, 0.045454545454545456, 1.0
2023-09-26 14:40:19.172, zfkd_, 60000_, test_zfkd_2.txt, 0, 2, 0, 0, 0, 0, 0.22051666666666667, 0.045454545454545456, 1.0
2023-09-26 14:40:22.53, zfkd_, 60000_, test_zfkd_2.txt, 1, 0, 0, 0, 0, 0, 0.22051666666666667, 0.045454545454545456, 1.0
2023-09-26 14:40:25.988, zfkd_, 60000_, test_zfkd_2.txt, 1, 1, 0, 0, 0, 0, 0.22051666666666667, 0.045454545454545456, 1.0
2023-09-26 14:40:29.343, zfkd_, 60000_, test_zfkd_2.txt, 1, 2, 0, 0, 0, 0, 0.22051666666666667, 0.045454545454545456, 1.0
2023-09-26 14:40:32.751, zfkd_, 60000_, test_zfkd_2.txt, 2, 0, 0, 0, 0, 0, 0.22051666666666667, 0.045454545454545456, 1.0
2023-09-26 14:40:36.177, zfkd_, 60000_, test_zfkd_2.txt, 2, 1, 0, 0, 0, 0, 0.22051666666666667, 0.045454545454545456, 1.0
2023-09-26 14:40:40.351, zfkd_, 60000_, test_zfkd_2.txt, 2, 2, 0, 0, 0, 0, 0.22051666666666667, 0.045454545454545456, 1.0
2023-09-26 14:40:44.01, zfkd_, 60000_, test_zfkd_2.txt, 3, 0, 0, 0, 0, 0, 0.22051666666666667, 0.045454545454545456, 1.0
2023-09-26 14:40:47.343, zfkd_, 60000_, test_zfkd_2.txt, 3, 1, 0, 0, 0, 0, 0.22051666666666667, 0.045454545454545456, 1.0
2023-09-26 14:40:50.548, zfkd_, 60000_, test_zfkd_2.txt, 3, 2, 0, 0, 0, 0, 0.22051666666666667, 0.045454545454545456, 1.0
2023-09-26 14:40:54.889, zfkd_, 60000_, test_zfkd_2.txt, 4, 0, 0, 0, 0, 0, 0.22051666666666667, 0.045454545454545456, 1.0
2023-09-26 14:40:58.883, zfkd_, 60000_, test_zfkd_2.txt, 4, 1, 0, 0, 0, 0, 0.22051666666666667, 0.045454545454545456, 1.0
2023-09-26 14:49:25.687, zfkd_, 60000_, test_zfkd_2.txt, 0, 0, 0, 0, 0, 0, 0.22051666666666667, 0.045454545454545456, 1.0
2023-09-26 14:49:29.074, zfkd_, 60000_, test_zfkd_2.txt, 0, 1, 0, 0, 0, 0, 0.22051666666666667, 0.045454545454545456, 1.0
2023-09-26 14:49:32.192, zfkd_, 60000_, test_zfkd_2.txt, 0, 2, 0, 0, 0, 0, 0.22051666666666667, 0.045454545454545456, 1.0
2023-09-26 14:49:35.126, zfkd_, 60000_, test_zfkd_2.txt, 1, 0, 0, 0, 0, 0, 0.22051666666666667, 0.045454545454545456, 1.0
2023-09-26 14:49:38.28, zfkd_, 60000_, test_zfkd_2.txt, 1, 1, 0, 0, 0, 0, 0.22051666666666667, 0.045454545454545456, 1.0
2023-09-26 14:49:42.13, zfkd_, 60000_, test_zfkd_2.txt, 1, 2, 0, 0, 0, 0, 0.22051666666666667, 0.045454545454545456, 1.0
2023-09-26 14:49:45.173, zfkd_, 60000_, test_zfkd_2.txt, 2, 0, 0, 0, 0, 0, 0.22051666666666667, 0.045454545454545456, 1.0
2023-09-26 14:49:48.174, zfkd_, 60000_, test_zfkd_2.txt, 2, 1, 0, 0, 0, 0, 0.22051666666666667, 0.045454545454545456, 1.0
2023-09-26 14:56:45.773, zfkd_, 60000_, test_zfkd_2.txt, 0, 0, 0, 0, 0, 0, 0.0011333333333333334, 4.677268475210477E-4, 0.001652892561983471
2023-09-26 14:56:46.408, zfkd_, 60000_, test_zfkd_2.txt, 0, 1, 0, 0, 0, 0, 0.0011333333333333334, 4.677268475210477E-4, 0.001652892561983471
2023-09-26 14:56:46.96, zfkd_, 60000_, test_zfkd_2.txt, 0, 2, 0, 0, 0, 0, 0.0011333333333333334, 4.677268475210477E-4, 0.001652892561983471
2023-09-26 14:56:47.306, zfkd_, 60000_, test_zfkd_2.txt, 1, 0, 0, 0, 0, 0, 0.0011333333333333334, 4.677268475210477E-4, 0.001652892561983471
2023-09-26 14:56:47.726, zfkd_, 60000_, test_zfkd_2.txt, 1, 1, 0, 0, 0, 0, 0.0011333333333333334, 4.677268475210477E-4, 0.001652892561983471
2023-09-26 14:56:48.06, zfkd_, 60000_, test_zfkd_2.txt, 1, 2, 0, 0, 0, 0, 0.0011333333333333334, 4.677268475210477E-4, 0.001652892561983471
2023-09-26 14:56:48.375, zfkd_, 60000_, test_zfkd_2.txt, 2, 0, 0, 0, 0, 0, 0.0011333333333333334, 4.677268475210477E-4, 0.001652892561983471
2023-09-26 14:56:48.761, zfkd_, 60000_, test_zfkd_2.txt, 2, 1, 0, 0, 0, 0, 0.0011333333333333334, 4.677268475210477E-4, 0.001652892561983471
2023-09-26 14:56:49.203, zfkd_, 60000_, test_zfkd_2.txt, 2, 2, 0, 0, 0, 0, 0.0011333333333333334, 4.677268475210477E-4, 0.001652892561983471
2023-09-26 14:56:49.584, zfkd_, 60000_, test_zfkd_2.txt, 3, 0, 0, 0, 0, 0, 0.0011333333333333334, 4.677268475210477E-4, 0.001652892561983471
2023-09-26 14:56:49.775, zfkd_, 60000_, test_zfkd_2.txt, 3, 1, 0, 0, 0, 0, 0.0011333333333333334, 4.677268475210477E-4, 0.001652892561983471
2023-09-26 14:56:50.408, zfkd_, 60000_, test_zfkd_2.txt, 3, 2, 0, 0, 0, 0, 0.0011333333333333334, 4.677268475210477E-4, 0.001652892561983471
2023-09-26 14:56:50.816, zfkd_, 60000_, test_zfkd_2.txt, 4, 0, 0, 0, 0, 0, 0.0011333333333333334, 4.677268475210477E-4, 0.001652892561983471
2023-09-26 14:56:51.091, zfkd_, 60000_, test_zfkd_2.txt, 4, 1, 0, 0, 0, 0, 0.0011333333333333334, 4.677268475210477E-4, 0.001652892561983471
2023-09-26 14:56:51.588, zfkd_, 60000_, test_zfkd_2.txt, 4, 2, 0, 0, 0, 0, 0.0011333333333333334, 4.677268475210477E-4, 0.001652892561983471
2023-09-26 14:56:52.019, zfkd_, 60000_, test_zfkd_2.txt, 5, 0, 0, 0, 0, 0, 0.0011333333333333334, 4.677268475210477E-4, 0.001652892561983471
2023-09-26 14:56:52.745, zfkd_, 60000_, test_zfkd_2.txt, 5, 1, 0, 0, 0, 0, 0.0011333333333333334, 4.677268475210477E-4, 0.001652892561983471
2023-09-26 14:56:53.389, zfkd_, 60000_, test_zfkd_2.txt, 5, 2, 0, 0, 0, 0, 0.0011333333333333334, 4.677268475210477E-4, 0.001652892561983471
2023-09-27 08:49:47.342, zfkd_, 60000_, test_zfkd_2.txt, 0, 0, 0, 0, 0, 0, 0.0011333333333333334, 4.677268475210477E-4, 0.001652892561983471
2023-09-27 08:49:47.776, zfkd_, 60000_, test_zfkd_2.txt, 0, 1, 0, 0, 0, 0, 0.0011333333333333334, 4.677268475210477E-4, 0.001652892561983471
2023-09-27 08:49:48.705, zfkd_, 60000_, test_zfkd_2.txt, 0, 2, 0, 0, 0, 0, 0.0011333333333333334, 4.677268475210477E-4, 0.001652892561983471
2023-09-27 08:49:49.239, zfkd_, 60000_, test_zfkd_2.txt, 1, 0, 0, 0, 0, 0, 0.0011333333333333334, 4.677268475210477E-4, 0.001652892561983471
2023-09-27 08:49:49.795, zfkd_, 60000_, test_zfkd_2.txt, 1, 1, 0, 0, 0, 0, 0.0011333333333333334, 4.677268475210477E-4, 0.001652892561983471
2023-09-27 08:49:50.116, zfkd_, 60000_, test_zfkd_2.txt, 1, 2, 0, 0, 0, 0, 0.0011333333333333334, 4.677268475210477E-4, 0.001652892561983471
2023-09-27 08:49:50.554, zfkd_, 60000_, test_zfkd_2.txt, 2, 0, 0, 0, 0, 0, 0.0011333333333333334, 4.677268475210477E-4, 0.001652892561983471
2023-09-27 08:49:50.85, zfkd_, 60000_, test_zfkd_2.txt, 2, 1, 0, 0, 0, 0, 0.0011333333333333334, 4.677268475210477E-4, 0.001652892561983471
2023-09-27 08:49:51.221, zfkd_, 60000_, test_zfkd_2.txt, 2, 2, 0, 0, 0, 0, 0.0011333333333333334, 4.677268475210477E-4, 0.001652892561983471
2023-09-27 08:49:51.716, zfkd_, 60000_, test_zfkd_2.txt, 3, 0, 0, 0, 0, 0, 0.0011333333333333334, 4.677268475210477E-4, 0.001652892561983471
2023-09-27 08:49:52.111, zfkd_, 60000_, test_zfkd_2.txt, 3, 1, 0, 0, 0, 0, 0.0011333333333333334, 4.677268475210477E-4, 0.001652892561983471
2023-09-27 08:49:52.552, zfkd_, 60000_, test_zfkd_2.txt, 3, 2, 0, 0, 0, 0, 0.0011333333333333334, 4.677268475210477E-4, 0.001652892561983471
2023-09-27 08:49:53.109, zfkd_, 60000_, test_zfkd_2.txt, 4, 0, 0, 0, 0, 0, 0.0011333333333333334, 4.677268475210477E-4, 0.001652892561983471
2023-09-27 08:49:53.599, zfkd_, 60000_, test_zfkd_2.txt, 4, 1, 0, 0, 0, 0, 0.0011333333333333334, 4.677268475210477E-4, 0.001652892561983471
2023-09-27 08:49:54.114, zfkd_, 60000_, test_zfkd_2.txt, 4, 2, 0, 0, 0, 0, 0.0011333333333333334, 4.677268475210477E-4, 0.001652892561983471
2023-09-27 08:49:54.797, zfkd_, 60000_, test_zfkd_2.txt, 5, 0, 0, 0, 0, 0, 0.0011333333333333334, 4.677268475210477E-4, 0.001652892561983471
2023-09-27 08:49:55.416, zfkd_, 60000_, test_zfkd_2.txt, 5, 1, 0, 0, 0, 0, 0.0011333333333333334, 4.677268475210477E-4, 0.001652892561983471
2023-09-27 08:49:56.094, zfkd_, 60000_, test_zfkd_2.txt, 5, 2, 0, 0, 0, 0, 0.0011333333333333334, 4.677268475210477E-4, 0.001652892561983471
2023-09-27 09:14:24.748, zfkd_, 60000_, test_zfkd_2.txt, 0, 0, 0, 0, 0, 0, 0.11324999999999999, 0.030303030303030304, 1.0
2023-09-27 09:14:26.148, zfkd_, 60000_, test_zfkd_2.txt, 0, 0, 1, 0, 0, 0, 0.11324999999999999, 0.030303030303030304, 1.0
2023-09-27 09:14:28.209, zfkd_, 60000_, test_zfkd_2.txt, 0, 0, 2, 0, 0, 0, 0.11324999999999999, 0.030303030303030304, 1.0
2023-09-27 09:14:29.889, zfkd_, 60000_, test_zfkd_2.txt, 0, 0, 3, 0, 0, 0, 0.11324999999999999, 0.030303030303030304, 1.0
2023-09-27 09:14:31.517, zfkd_, 60000_, test_zfkd_2.txt, 0, 0, 4, 0, 0, 0, 0.11324999999999999, 0.030303030303030304, 1.0
2023-09-27 09:14:33.919, zfkd_, 60000_, test_zfkd_2.txt, 0, 0, 5, 0, 0, 0, 0.11324999999999999, 0.030303030303030304, 1.0
2023-09-27 09:14:36.055, zfkd_, 60000_, test_zfkd_2.txt, 0, 0, 6, 0, 0, 0, 0.11324999999999999, 0.030303030303030304, 1.0
2023-09-27 09:14:37.282, zfkd_, 60000_, test_zfkd_2.txt, 0, 1, 0, 0, 0, 0, 0.11324999999999999, 0.030303030303030304, 1.0
2023-09-27 09:14:38.771, zfkd_, 60000_, test_zfkd_2.txt, 0, 1, 1, 0, 0, 0, 0.11324999999999999, 0.030303030303030304, 1.0
2023-09-27 09:14:40.197, zfkd_, 60000_, test_zfkd_2.txt, 0, 1, 2, 0, 0, 0, 0.11324999999999999, 0.030303030303030304, 1.0
2023-09-27 09:14:42.685, zfkd_, 60000_, test_zfkd_2.txt, 0, 1, 3, 0, 0, 0, 0.11324999999999999, 0.030303030303030304, 1.0
2023-09-27 09:14:43.997, zfkd_, 60000_, test_zfkd_2.txt, 0, 1, 4, 0, 0, 0, 0.11324999999999999, 0.030303030303030304, 1.0
2023-09-27 09:14:45.317, zfkd_, 60000_, test_zfkd_2.txt, 0, 1, 5, 0, 0, 0, 0.11324999999999999, 0.030303030303030304, 1.0
2023-09-27 09:14:46.661, zfkd_, 60000_, test_zfkd_2.txt, 0, 1, 6, 0, 0, 0, 0.11324999999999999, 0.030303030303030304, 1.0
2023-09-27 09:14:48.72, zfkd_, 60000_, test_zfkd_2.txt, 0, 2, 0, 0, 0, 0, 0.11324999999999999, 0.030303030303030304, 1.0
2023-09-27 09:14:51.143, zfkd_, 60000_, test_zfkd_2.txt, 0, 2, 1, 0, 0, 0, 0.11324999999999999, 0.030303030303030304, 1.0
2023-09-27 09:14:52.401, zfkd_, 60000_, test_zfkd_2.txt, 0, 2, 2, 0, 0, 0, 0.11324999999999999, 0.030303030303030304, 1.0
2023-09-27 09:14:54.004, zfkd_, 60000_, test_zfkd_2.txt, 0, 2, 3, 0, 0, 0, 0.11324999999999999, 0.030303030303030304, 1.0
2023-09-27 09:14:55.521, zfkd_, 60000_, test_zfkd_2.txt, 0, 2, 4, 0, 0, 0, 0.11324999999999999, 0.030303030303030304, 1.0
2023-09-27 09:14:56.758, zfkd_, 60000_, test_zfkd_2.txt, 0, 2, 5, 0, 0, 0, 0.11324999999999999, 0.030303030303030304, 1.0
2023-09-27 09:14:58.018, zfkd_, 60000_, test_zfkd_2.txt, 0, 2, 6, 0, 0, 0, 0.11324999999999999, 0.030303030303030304, 1.0
2023-09-27 09:15:00.191, zfkd_, 60000_, test_zfkd_2.txt, 1, 0, 0, 0, 0, 0, 0.11324999999999999, 0.030303030303030304, 1.0
2023-09-27 09:15:01.472, zfkd_, 60000_, test_zfkd_2.txt, 1, 0, 1, 0, 0, 0, 0.11324999999999999, 0.030303030303030304, 1.0
2023-09-27 09:15:02.687, zfkd_, 60000_, test_zfkd_2.txt, 1, 0, 2, 0, 0, 0, 0.11324999999999999, 0.030303030303030304, 1.0
2023-09-27 09:15:04.17, zfkd_, 60000_, test_zfkd_2.txt, 1, 0, 3, 0, 0, 0, 0.11324999999999999, 0.030303030303030304, 1.0
2023-09-27 09:15:06.82, zfkd_, 60000_, test_zfkd_2.txt, 1, 0, 4, 0, 0, 0, 0.11324999999999999, 0.030303030303030304, 1.0
2023-09-27 09:15:07.861, zfkd_, 60000_, test_zfkd_2.txt, 1, 0, 5, 0, 0, 0, 0.11324999999999999, 0.030303030303030304, 1.0
2023-09-27 09:15:09.039, zfkd_, 60000_, test_zfkd_2.txt, 1, 0, 6, 0, 0, 0, 0.11324999999999999, 0.030303030303030304, 1.0
2023-09-27 09:15:10.331, zfkd_, 60000_, test_zfkd_2.txt, 1, 1, 0, 0, 0, 0, 0.11324999999999999, 0.030303030303030304, 1.0
2023-09-27 09:15:11.629, zfkd_, 60000_, test_zfkd_2.txt, 1, 1, 1, 0, 0, 0, 0.11324999999999999, 0.030303030303030304, 1.0
2023-09-27 09:15:13.109, zfkd_, 60000_, test_zfkd_2.txt, 1, 1, 2, 0, 0, 0, 0.11324999999999999, 0.030303030303030304, 1.0
2023-09-27 09:15:14.586, zfkd_, 60000_, test_zfkd_2.txt, 1, 1, 3, 0, 0, 0, 0.11324999999999999, 0.030303030303030304, 1.0
2023-09-27 09:15:15.93, zfkd_, 60000_, test_zfkd_2.txt, 1, 1, 4, 0, 0, 0, 0.11324999999999999, 0.030303030303030304, 1.0
2023-09-27 09:15:17.339, zfkd_, 60000_, test_zfkd_2.txt, 1, 1, 5, 0, 0, 0, 0.11324999999999999, 0.030303030303030304, 1.0
2023-09-27 09:15:18.917, zfkd_, 60000_, test_zfkd_2.txt, 1, 1, 6, 0, 0, 0, 0.11324999999999999, 0.030303030303030304, 1.0
2023-09-27 09:15:20.653, zfkd_, 60000_, test_zfkd_2.txt, 1, 2, 0, 0, 0, 0, 0.11324999999999999, 0.030303030303030304, 1.0
2023-09-27 09:15:22.053, zfkd_, 60000_, test_zfkd_2.txt, 1, 2, 1, 0, 0, 0, 0.11324999999999999, 0.030303030303030304, 1.0
2023-09-27 09:15:24.066, zfkd_, 60000_, test_zfkd_2.txt, 1, 2, 2, 0, 0, 0, 0.11324999999999999, 0.030303030303030304, 1.0
2023-09-27 09:15:25.576, zfkd_, 60000_, test_zfkd_2.txt, 1, 2, 3, 0, 0, 0, 0.11324999999999999, 0.030303030303030304, 1.0
2023-09-27 09:15:26.813, zfkd_, 60000_, test_zfkd_2.txt, 1, 2, 4, 0, 0, 0, 0.11324999999999999, 0.030303030303030304, 1.0
2023-09-27 09:15:27.923, zfkd_, 60000_, test_zfkd_2.txt, 1, 2, 5, 0, 0, 0, 0.11324999999999999, 0.030303030303030304, 1.0
2023-09-27 09:15:29.128, zfkd_, 60000_, test_zfkd_2.txt, 1, 2, 6, 0, 0, 0, 0.11324999999999999, 0.030303030303030304, 1.0
2023-09-27 09:15:30.466, zfkd_, 60000_, test_zfkd_2.txt, 2, 0, 0, 0, 0, 0, 0.11324999999999999, 0.030303030303030304, 1.0
2023-09-27 09:15:31.767, zfkd_, 60000_, test_zfkd_2.txt, 2, 0, 1, 0, 0, 0, 0.11324999999999999, 0.030303030303030304, 1.0
2023-09-27 09:15:33.02, zfkd_, 60000_, test_zfkd_2.txt, 2, 0, 2, 0, 0, 0, 0.11324999999999999, 0.030303030303030304, 1.0
2023-09-27 09:15:34.928, zfkd_, 60000_, test_zfkd_2.txt, 2, 0, 3, 0, 0, 0, 0.11324999999999999, 0.030303030303030304, 1.0
2023-09-27 09:15:37.224, zfkd_, 60000_, test_zfkd_2.txt, 2, 0, 4, 0, 0, 0, 0.11324999999999999, 0.030303030303030304, 1.0
2023-09-27 09:15:39.235, zfkd_, 60000_, test_zfkd_2.txt, 2, 0, 5, 0, 0, 0, 0.11324999999999999, 0.030303030303030304, 1.0
2023-09-27 09:15:40.631, zfkd_, 60000_, test_zfkd_2.txt, 2, 0, 6, 0, 0, 0, 0.11324999999999999, 0.030303030303030304, 1.0
2023-09-27 09:15:42.021, zfkd_, 60000_, test_zfkd_2.txt, 2, 1, 0, 0, 0, 0, 0.11324999999999999, 0.030303030303030304, 1.0
2023-09-27 09:15:43.517, zfkd_, 60000_, test_zfkd_2.txt, 2, 1, 1, 0, 0, 0, 0.11324999999999999, 0.030303030303030304, 1.0
2023-09-27 09:15:44.794, zfkd_, 60000_, test_zfkd_2.txt, 2, 1, 2, 0, 0, 0, 0.11324999999999999, 0.030303030303030304, 1.0
2023-09-27 09:15:45.989, zfkd_, 60000_, test_zfkd_2.txt, 2, 1, 3, 0, 0, 0, 0.11324999999999999, 0.030303030303030304, 1.0
2023-09-27 09:15:47.257, zfkd_, 60000_, test_zfkd_2.txt, 2, 1, 4, 0, 0, 0, 0.11324999999999999, 0.030303030303030304, 1.0
2023-09-27 09:15:49.273, zfkd_, 60000_, test_zfkd_2.txt, 2, 1, 5, 0, 0, 0, 0.11324999999999999, 0.030303030303030304, 1.0
2023-09-27 09:15:51.021, zfkd_, 60000_, test_zfkd_2.txt, 2, 1, 6, 0, 0, 0, 0.11324999999999999, 0.030303030303030304, 1.0
2023-09-27 09:15:52.93, zfkd_, 60000_, test_zfkd_2.txt, 2, 2, 0, 0, 0, 0, 0.11324999999999999, 0.030303030303030304, 1.0
2023-09-27 09:15:54.398, zfkd_, 60000_, test_zfkd_2.txt, 2, 2, 1, 0, 0, 0, 0.11324999999999999, 0.030303030303030304, 1.0
2023-09-27 09:15:56.11, zfkd_, 60000_, test_zfkd_2.txt, 2, 2, 2, 0, 0, 0, 0.11324999999999999, 0.030303030303030304, 1.0
2023-09-27 09:15:57.235, zfkd_, 60000_, test_zfkd_2.txt, 2, 2, 3, 0, 0, 0, 0.11324999999999999, 0.030303030303030304, 1.0
2023-09-27 09:15:58.33, zfkd_, 60000_, test_zfkd_2.txt, 2, 2, 4, 0, 0, 0, 0.11324999999999999, 0.030303030303030304, 1.0
2023-09-27 09:15:59.482, zfkd_, 60000_, test_zfkd_2.txt, 2, 2, 5, 0, 0, 0, 0.11324999999999999, 0.030303030303030304, 1.0
2023-09-27 09:16:00.686, zfkd_, 60000_, test_zfkd_2.txt, 2, 2, 6, 0, 0, 0, 0.11324999999999999, 0.030303030303030304, 1.0
2023-09-27 09:16:02.176, zfkd_, 60000_, test_zfkd_2.txt, 3, 0, 0, 0, 0, 0, 0.11324999999999999, 0.030303030303030304, 1.0
2023-09-27 09:16:03.403, zfkd_, 60000_, test_zfkd_2.txt, 3, 0, 1, 0, 0, 0, 0.11324999999999999, 0.030303030303030304, 1.0
2023-09-27 09:16:04.671, zfkd_, 60000_, test_zfkd_2.txt, 3, 0, 2, 0, 0, 0, 0.11324999999999999, 0.030303030303030304, 1.0
2023-09-27 09:16:05.922, zfkd_, 60000_, test_zfkd_2.txt, 3, 0, 3, 0, 0, 0, 0.11324999999999999, 0.030303030303030304, 1.0
2023-09-27 09:16:07.811, zfkd_, 60000_, test_zfkd_2.txt, 3, 0, 4, 0, 0, 0, 0.11324999999999999, 0.030303030303030304, 1.0
2023-09-27 09:16:09.469, zfkd_, 60000_, test_zfkd_2.txt, 3, 0, 5, 0, 0, 0, 0.11324999999999999, 0.030303030303030304, 1.0
2023-09-27 09:16:11.131, zfkd_, 60000_, test_zfkd_2.txt, 3, 0, 6, 0, 0, 0, 0.11324999999999999, 0.030303030303030304, 1.0
2023-09-27 09:16:12.442, zfkd_, 60000_, test_zfkd_2.txt, 3, 1, 0, 0, 0, 0, 0.11324999999999999, 0.030303030303030304, 1.0
2023-09-27 09:16:13.8, zfkd_, 60000_, test_zfkd_2.txt, 3, 1, 1, 0, 0, 0, 0.11324999999999999, 0.030303030303030304, 1.0
2023-09-27 09:16:15.096, zfkd_, 60000_, test_zfkd_2.txt, 3, 1, 2, 0, 0, 0, 0.11324999999999999, 0.030303030303030304, 1.0
2023-09-27 09:16:16.379, zfkd_, 60000_, test_zfkd_2.txt, 3, 1, 3, 0, 0, 0, 0.11324999999999999, 0.030303030303030304, 1.0
2023-09-27 09:16:17.942, zfkd_, 60000_, test_zfkd_2.txt, 3, 1, 4, 0, 0, 0, 0.11324999999999999, 0.030303030303030304, 1.0
2023-09-27 09:16:19.539, zfkd_, 60000_, test_zfkd_2.txt, 3, 1, 5, 0, 0, 0, 0.11324999999999999, 0.030303030303030304, 1.0
2023-09-27 09:16:20.752, zfkd_, 60000_, test_zfkd_2.txt, 3, 1, 6, 0, 0, 0, 0.11324999999999999, 0.030303030303030304, 1.0
2023-09-27 09:16:21.867, zfkd_, 60000_, test_zfkd_2.txt, 3, 2, 0, 0, 0, 0, 0.11324999999999999, 0.030303030303030304, 1.0
2023-09-27 09:16:23.157, zfkd_, 60000_, test_zfkd_2.txt, 3, 2, 1, 0, 0, 0, 0.11324999999999999, 0.030303030303030304, 1.0
2023-09-27 09:16:25.093, zfkd_, 60000_, test_zfkd_2.txt, 3, 2, 2, 0, 0, 0, 0.11324999999999999, 0.030303030303030304, 1.0
2023-09-27 09:16:27.725, zfkd_, 60000_, test_zfkd_2.txt, 3, 2, 3, 0, 0, 0, 0.11324999999999999, 0.030303030303030304, 1.0
2023-09-27 09:16:31.274, zfkd_, 60000_, test_zfkd_2.txt, 3, 2, 4, 0, 0, 0, 0.11324999999999999, 0.030303030303030304, 1.0
2023-09-27 09:16:33.495, zfkd_, 60000_, test_zfkd_2.txt, 3, 2, 5, 0, 0, 0, 0.11324999999999999, 0.030303030303030304, 1.0
2023-09-27 09:16:36.44, zfkd_, 60000_, test_zfkd_2.txt, 3, 2, 6, 0, 0, 0, 0.11324999999999999, 0.030303030303030304, 1.0
2023-09-27 09:16:37.803, zfkd_, 60000_, test_zfkd_2.txt, 4, 0, 0, 0, 0, 0, 0.11324999999999999, 0.030303030303030304, 1.0
2023-09-27 09:16:38.998, zfkd_, 60000_, test_zfkd_2.txt, 4, 0, 1, 0, 0, 0, 0.11324999999999999, 0.030303030303030304, 1.0
2023-09-27 09:16:40.341, zfkd_, 60000_, test_zfkd_2.txt, 4, 0, 2, 0, 0, 0, 0.11324999999999999, 0.030303030303030304, 1.0
2023-09-27 09:16:43.084, zfkd_, 60000_, test_zfkd_2.txt, 4, 0, 3, 0, 0, 0, 0.11324999999999999, 0.030303030303030304, 1.0
2023-09-27 09:16:44.37, zfkd_, 60000_, test_zfkd_2.txt, 4, 0, 4, 0, 0, 0, 0.11324999999999999, 0.030303030303030304, 1.0
2023-09-27 09:16:45.741, zfkd_, 60000_, test_zfkd_2.txt, 4, 0, 5, 0, 0, 0, 0.11324999999999999, 0.030303030303030304, 1.0
2023-09-27 09:16:47.097, zfkd_, 60000_, test_zfkd_2.txt, 4, 0, 6, 0, 0, 0, 0.11324999999999999, 0.030303030303030304, 1.0
2023-09-27 09:16:48.631, zfkd_, 60000_, test_zfkd_2.txt, 4, 1, 0, 0, 0, 0, 0.11324999999999999, 0.030303030303030304, 1.0
2023-09-27 09:16:50.082, zfkd_, 60000_, test_zfkd_2.txt, 4, 1, 1, 0, 0, 0, 0.11324999999999999, 0.030303030303030304, 1.0
2023-09-27 09:16:51.335, zfkd_, 60000_, test_zfkd_2.txt, 4, 1, 2, 0, 0, 0, 0.11324999999999999, 0.030303030303030304, 1.0
2023-09-27 09:16:52.629, zfkd_, 60000_, test_zfkd_2.txt, 4, 1, 3, 0, 0, 0, 0.11324999999999999, 0.030303030303030304, 1.0
2023-09-27 09:16:53.814, zfkd_, 60000_, test_zfkd_2.txt, 4, 1, 4, 0, 0, 0, 0.11324999999999999, 0.030303030303030304, 1.0
2023-09-27 09:16:55.367, zfkd_, 60000_, test_zfkd_2.txt, 4, 1, 5, 0, 0, 0, 0.11324999999999999, 0.030303030303030304, 1.0
2023-09-27 09:16:56.784, zfkd_, 60000_, test_zfkd_2.txt, 4, 1, 6, 0, 0, 0, 0.11324999999999999, 0.030303030303030304, 1.0
2023-09-27 09:16:58.571, zfkd_, 60000_, test_zfkd_2.txt, 4, 2, 0, 0, 0, 0, 0.11324999999999999, 0.030303030303030304, 1.0
2023-09-27 09:17:00.215, zfkd_, 60000_, test_zfkd_2.txt, 4, 2, 1, 0, 0, 0, 0.11324999999999999, 0.030303030303030304, 1.0
2023-09-27 09:17:02.412, zfkd_, 60000_, test_zfkd_2.txt, 4, 2, 2, 0, 0, 0, 0.11324999999999999, 0.030303030303030304, 1.0
2023-09-27 09:17:03.742, zfkd_, 60000_, test_zfkd_2.txt, 4, 2, 3, 0, 0, 0, 0.11324999999999999, 0.030303030303030304, 1.0
2023-09-27 09:17:05.396, zfkd_, 60000_, test_zfkd_2.txt, 4, 2, 4, 0, 0, 0, 0.11324999999999999, 0.030303030303030304, 1.0
2023-09-27 09:17:06.986, zfkd_, 60000_, test_zfkd_2.txt, 4, 2, 5, 0, 0, 0, 0.11324999999999999, 0.030303030303030304, 1.0
2023-09-27 09:17:08.392, zfkd_, 60000_, test_zfkd_2.txt, 4, 2, 6, 0, 0, 0, 0.11324999999999999, 0.030303030303030304, 1.0
2023-09-27 09:17:09.671, zfkd_, 60000_, test_zfkd_2.txt, 5, 0, 0, 0, 0, 0, 0.11324999999999999, 0.030303030303030304, 1.0
2023-09-27 09:17:11.014, zfkd_, 60000_, test_zfkd_2.txt, 5, 0, 1, 0, 0, 0, 0.11324999999999999, 0.030303030303030304, 1.0
2023-09-27 09:17:13.425, zfkd_, 60000_, test_zfkd_2.txt, 5, 0, 2, 0, 0, 0, 0.11324999999999999, 0.030303030303030304, 1.0
2023-09-27 09:17:16.351, zfkd_, 60000_, test_zfkd_2.txt, 5, 0, 3, 0, 0, 0, 0.11324999999999999, 0.030303030303030304, 1.0
2023-09-27 09:17:17.981, zfkd_, 60000_, test_zfkd_2.txt, 5, 0, 4, 0, 0, 0, 0.11324999999999999, 0.030303030303030304, 1.0
2023-09-27 09:17:19.485, zfkd_, 60000_, test_zfkd_2.txt, 5, 0, 5, 0, 0, 0, 0.11324999999999999, 0.030303030303030304, 1.0
2023-09-27 09:17:20.901, zfkd_, 60000_, test_zfkd_2.txt, 5, 0, 6, 0, 0, 0, 0.11324999999999999, 0.030303030303030304, 1.0
2023-09-27 09:17:22.428, zfkd_, 60000_, test_zfkd_2.txt, 5, 1, 0, 0, 0, 0, 0.11324999999999999, 0.030303030303030304, 1.0
2023-09-27 09:17:23.859, zfkd_, 60000_, test_zfkd_2.txt, 5, 1, 1, 0, 0, 0, 0.11324999999999999, 0.030303030303030304, 1.0
2023-09-27 09:17:25.559, zfkd_, 60000_, test_zfkd_2.txt, 5, 1, 2, 0, 0, 0, 0.11324999999999999, 0.030303030303030304, 1.0
2023-09-27 09:17:27.245, zfkd_, 60000_, test_zfkd_2.txt, 5, 1, 3, 0, 0, 0, 0.11324999999999999, 0.030303030303030304, 1.0
2023-09-27 09:17:29.838, zfkd_, 60000_, test_zfkd_2.txt, 5, 1, 4, 0, 0, 0, 0.11324999999999999, 0.030303030303030304, 1.0
2023-09-27 09:17:31.199, zfkd_, 60000_, test_zfkd_2.txt, 5, 1, 5, 0, 0, 0, 0.11324999999999999, 0.030303030303030304, 1.0
2023-09-27 09:17:32.956, zfkd_, 60000_, test_zfkd_2.txt, 5, 1, 6, 0, 0, 0, 0.11324999999999999, 0.030303030303030304, 1.0
2023-09-27 09:17:34.597, zfkd_, 60000_, test_zfkd_2.txt, 5, 2, 0, 0, 0, 0, 0.11324999999999999, 0.030303030303030304, 1.0
2023-09-27 09:17:36.31, zfkd_, 60000_, test_zfkd_2.txt, 5, 2, 1, 0, 0, 0, 0.11324999999999999, 0.030303030303030304, 1.0
2023-09-27 09:17:38.278, zfkd_, 60000_, test_zfkd_2.txt, 5, 2, 2, 0, 0, 0, 0.11324999999999999, 0.030303030303030304, 1.0
2023-09-27 09:17:39.798, zfkd_, 60000_, test_zfkd_2.txt, 5, 2, 3, 0, 0, 0, 0.11324999999999999, 0.030303030303030304, 1.0
2023-09-27 09:17:41.305, zfkd_, 60000_, test_zfkd_2.txt, 5, 2, 4, 0, 0, 0, 0.11324999999999999, 0.030303030303030304, 1.0
2023-09-27 09:17:43.058, zfkd_, 60000_, test_zfkd_2.txt, 5, 2, 5, 0, 0, 0, 0.11324999999999999, 0.030303030303030304, 1.0
2023-09-27 09:17:45.554, zfkd_, 60000_, test_zfkd_2.txt, 5, 2, 6, 0, 0, 0, 0.11324999999999999, 0.030303030303030304, 1.0
2023-09-27 09:30:47.357, zfkd_, 60000_, test_zfkd_2.txt, 0, 0, 0, 0, 0, 0, 0.11324999999999999, 0.030303030303030304, 1.0
2023-09-27 09:30:49.566, zfkd_, 60000_, test_zfkd_2.txt, 0, 0, 1, 0, 0, 0, 0.11324999999999999, 0.030303030303030304, 1.0
2023-09-27 09:30:51.913, zfkd_, 60000_, test_zfkd_2.txt, 0, 0, 2, 0, 0, 0, 0.11324999999999999, 0.030303030303030304, 1.0
2023-09-27 09:30:54.673, zfkd_, 60000_, test_zfkd_2.txt, 0, 0, 3, 0, 0, 0, 0.11324999999999999, 0.030303030303030304, 1.0
2023-09-27 09:30:59.427, zfkd_, 60000_, test_zfkd_2.txt, 0, 0, 4, 0, 0, 0, 0.11324999999999999, 0.030303030303030304, 1.0
2023-09-27 09:31:02.459, zfkd_, 60000_, test_zfkd_2.txt, 0, 0, 5, 0, 0, 0, 0.11324999999999999, 0.030303030303030304, 1.0
2023-09-27 09:31:03.817, zfkd_, 60000_, test_zfkd_2.txt, 0, 0, 6, 0, 0, 0, 0.11324999999999999, 0.030303030303030304, 1.0
2023-09-27 09:31:06.909, zfkd_, 60000_, test_zfkd_2.txt, 0, 1, 0, 0, 0, 0, 0.11324999999999999, 0.030303030303030304, 1.0
2023-09-27 09:31:08.798, zfkd_, 60000_, test_zfkd_2.txt, 0, 1, 1, 0, 0, 0, 0.11324999999999999, 0.030303030303030304, 1.0
2023-09-27 09:31:10.096, zfkd_, 60000_, test_zfkd_2.txt, 0, 1, 2, 0, 0, 0, 0.11324999999999999, 0.030303030303030304, 1.0
2023-09-27 09:31:11.64, zfkd_, 60000_, test_zfkd_2.txt, 0, 1, 3, 0, 0, 0, 0.11324999999999999, 0.030303030303030304, 1.0
2023-09-27 09:31:13.815, zfkd_, 60000_, test_zfkd_2.txt, 0, 1, 4, 0, 0, 0, 0.11324999999999999, 0.030303030303030304, 1.0
2023-09-27 09:31:14.943, zfkd_, 60000_, test_zfkd_2.txt, 0, 1, 5, 0, 0, 0, 0.11324999999999999, 0.030303030303030304, 1.0
2023-09-27 09:31:16.03, zfkd_, 60000_, test_zfkd_2.txt, 0, 1, 6, 0, 0, 0, 0.11324999999999999, 0.030303030303030304, 1.0
2023-09-27 09:31:17.208, zfkd_, 60000_, test_zfkd_2.txt, 0, 2, 0, 0, 0, 0, 0.11324999999999999, 0.030303030303030304, 1.0
2023-09-27 09:31:19.428, zfkd_, 60000_, test_zfkd_2.txt, 0, 2, 1, 0, 0, 0, 0.11324999999999999, 0.030303030303030304, 1.0
2023-09-27 09:31:21.268, zfkd_, 60000_, test_zfkd_2.txt, 0, 2, 2, 0, 0, 0, 0.11324999999999999, 0.030303030303030304, 1.0
2023-09-27 09:31:23.306, zfkd_, 60000_, test_zfkd_2.txt, 0, 2, 3, 0, 0, 0, 0.11324999999999999, 0.030303030303030304, 1.0
2023-09-27 09:31:25.363, zfkd_, 60000_, test_zfkd_2.txt, 0, 2, 4, 0, 0, 0, 0.11324999999999999, 0.030303030303030304, 1.0
2023-09-27 09:31:26.984, zfkd_, 60000_, test_zfkd_2.txt, 0, 2, 5, 0, 0, 0, 0.11324999999999999, 0.030303030303030304, 1.0
2023-09-27 09:31:28.364, zfkd_, 60000_, test_zfkd_2.txt, 0, 2, 6, 0, 0, 0, 0.11324999999999999, 0.030303030303030304, 1.0
2023-09-27 09:31:30.939, zfkd_, 60000_, test_zfkd_2.txt, 1, 0, 0, 0, 0, 0, 0.11324999999999999, 0.030303030303030304, 1.0
2023-09-27 09:31:32.722, zfkd_, 60000_, test_zfkd_2.txt, 1, 0, 1, 0, 0, 0, 0.11324999999999999, 0.030303030303030304, 1.0
2023-09-27 09:31:35.326, zfkd_, 60000_, test_zfkd_2.txt, 1, 0, 2, 0, 0, 0, 0.11324999999999999, 0.030303030303030304, 1.0
2023-09-27 09:31:39.683, zfkd_, 60000_, test_zfkd_2.txt, 1, 0, 3, 0, 0, 0, 0.11324999999999999, 0.030303030303030304, 1.0
2023-09-27 09:31:41.934, zfkd_, 60000_, test_zfkd_2.txt, 1, 0, 4, 0, 0, 0, 0.11324999999999999, 0.030303030303030304, 1.0
2023-09-27 09:31:43.154, zfkd_, 60000_, test_zfkd_2.txt, 1, 0, 5, 0, 0, 0, 0.11324999999999999, 0.030303030303030304, 1.0
2023-09-27 09:31:44.333, zfkd_, 60000_, test_zfkd_2.txt, 1, 0, 6, 0, 0, 0, 0.11324999999999999, 0.030303030303030304, 1.0
2023-09-27 09:31:45.637, zfkd_, 60000_, test_zfkd_2.txt, 1, 1, 0, 0, 0, 0, 0.11324999999999999, 0.030303030303030304, 1.0
2023-09-27 09:31:47.122, zfkd_, 60000_, test_zfkd_2.txt, 1, 1, 1, 0, 0, 0, 0.11324999999999999, 0.030303030303030304, 1.0
2023-09-27 09:31:48.585, zfkd_, 60000_, test_zfkd_2.txt, 1, 1, 2, 0, 0, 0, 0.11324999999999999, 0.030303030303030304, 1.0
2023-09-27 09:31:50.416, zfkd_, 60000_, test_zfkd_2.txt, 1, 1, 3, 0, 0, 0, 0.11324999999999999, 0.030303030303030304, 1.0
2023-09-27 09:31:53.332, zfkd_, 60000_, test_zfkd_2.txt, 1, 1, 4, 0, 0, 0, 0.11324999999999999, 0.030303030303030304, 1.0
2023-09-27 09:31:56.323, zfkd_, 60000_, test_zfkd_2.txt, 1, 1, 5, 0, 0, 0, 0.11324999999999999, 0.030303030303030304, 1.0
2023-09-27 09:31:57.678, zfkd_, 60000_, test_zfkd_2.txt, 1, 1, 6, 0, 0, 0, 0.11324999999999999, 0.030303030303030304, 1.0
2023-09-27 09:31:59.976, zfkd_, 60000_, test_zfkd_2.txt, 1, 2, 0, 0, 0, 0, 0.11324999999999999, 0.030303030303030304, 1.0
2023-09-27 09:32:01.428, zfkd_, 60000_, test_zfkd_2.txt, 1, 2, 1, 0, 0, 0, 0.11324999999999999, 0.030303030303030304, 1.0
2023-09-27 09:32:02.784, zfkd_, 60000_, test_zfkd_2.txt, 1, 2, 2, 0, 0, 0, 0.11324999999999999, 0.030303030303030304, 1.0
2023-09-27 09:32:05.161, zfkd_, 60000_, test_zfkd_2.txt, 1, 2, 3, 0, 0, 0, 0.11324999999999999, 0.030303030303030304, 1.0
2023-09-27 09:32:06.83, zfkd_, 60000_, test_zfkd_2.txt, 1, 2, 4, 0, 0, 0, 0.11324999999999999, 0.030303030303030304, 1.0
2023-09-27 09:32:08.959, zfkd_, 60000_, test_zfkd_2.txt, 1, 2, 5, 0, 0, 0, 0.11324999999999999, 0.030303030303030304, 1.0
2023-09-27 09:32:11.615, zfkd_, 60000_, test_zfkd_2.txt, 1, 2, 6, 0, 0, 0, 0.11324999999999999, 0.030303030303030304, 1.0
2023-09-27 09:32:13.978, zfkd_, 60000_, test_zfkd_2.txt, 2, 0, 0, 0, 0, 0, 0.11324999999999999, 0.030303030303030304, 1.0
2023-09-27 09:32:15.475, zfkd_, 60000_, test_zfkd_2.txt, 2, 0, 1, 0, 0, 0, 0.11324999999999999, 0.030303030303030304, 1.0
2023-09-27 09:32:17.475, zfkd_, 60000_, test_zfkd_2.txt, 2, 0, 2, 0, 0, 0, 0.11324999999999999, 0.030303030303030304, 1.0
2023-09-27 09:32:20.066, zfkd_, 60000_, test_zfkd_2.txt, 2, 0, 3, 0, 0, 0, 0.11324999999999999, 0.030303030303030304, 1.0
2023-09-27 09:32:21.771, zfkd_, 60000_, test_zfkd_2.txt, 2, 0, 4, 0, 0, 0, 0.11324999999999999, 0.030303030303030304, 1.0
2023-09-27 09:32:24.135, zfkd_, 60000_, test_zfkd_2.txt, 2, 0, 5, 0, 0, 0, 0.11324999999999999, 0.030303030303030304, 1.0
2023-09-27 09:32:27.005, zfkd_, 60000_, test_zfkd_2.txt, 2, 0, 6, 0, 0, 0, 0.11324999999999999, 0.030303030303030304, 1.0
2023-09-27 09:32:28.733, zfkd_, 60000_, test_zfkd_2.txt, 2, 1, 0, 0, 0, 0, 0.11324999999999999, 0.030303030303030304, 1.0
2023-09-27 09:32:29.996, zfkd_, 60000_, test_zfkd_2.txt, 2, 1, 1, 0, 0, 0, 0.11324999999999999, 0.030303030303030304, 1.0
2023-09-27 09:35:34.028, zfkd_, 60000_, test_zfkd_2.txt, 0, 0, 0, 0, 0, 0, 0.0011333333333333334, 4.677268475210477E-4, 0.001652892561983471
2023-09-27 09:35:34.747, zfkd_, 60000_, test_zfkd_2.txt, 0, 1, 0, 0, 0, 0, 0.0011333333333333334, 4.677268475210477E-4, 0.001652892561983471
2023-09-27 09:35:35.363, zfkd_, 60000_, test_zfkd_2.txt, 0, 2, 0, 0, 0, 0, 0.0011333333333333334, 4.677268475210477E-4, 0.001652892561983471
2023-09-27 09:35:36.154, zfkd_, 60000_, test_zfkd_2.txt, 1, 0, 0, 0, 0, 0, 0.0011333333333333334, 4.677268475210477E-4, 0.001652892561983471
2023-09-27 09:35:37.039, zfkd_, 60000_, test_zfkd_2.txt, 1, 1, 0, 0, 0, 0, 0.0011333333333333334, 4.677268475210477E-4, 0.001652892561983471
2023-09-27 09:35:38.287, zfkd_, 60000_, test_zfkd_2.txt, 1, 2, 0, 0, 0, 0, 0.0011333333333333334, 4.677268475210477E-4, 0.001652892561983471
2023-09-27 09:35:40.343, zfkd_, 60000_, test_zfkd_2.txt, 2, 0, 0, 0, 0, 0, 0.0011333333333333334, 4.677268475210477E-4, 0.001652892561983471
2023-09-27 09:35:42.262, zfkd_, 60000_, test_zfkd_2.txt, 2, 1, 0, 0, 0, 0, 0.0011333333333333334, 4.677268475210477E-4, 0.001652892561983471
2023-09-27 09:35:43.431, zfkd_, 60000_, test_zfkd_2.txt, 2, 2, 0, 0, 0, 0, 0.0011333333333333334, 4.677268475210477E-4, 0.001652892561983471
2023-09-27 09:35:44.645, zfkd_, 60000_, test_zfkd_2.txt, 3, 0, 0, 0, 0, 0, 0.0011333333333333334, 4.677268475210477E-4, 0.001652892561983471
2023-09-27 09:35:45.303, zfkd_, 60000_, test_zfkd_2.txt, 3, 1, 0, 0, 0, 0, 0.0011333333333333334, 4.677268475210477E-4, 0.001652892561983471
2023-09-27 09:35:46.033, zfkd_, 60000_, test_zfkd_2.txt, 3, 2, 0, 0, 0, 0, 0.0011333333333333334, 4.677268475210477E-4, 0.001652892561983471
2023-09-27 09:35:48.721, zfkd_, 60000_, test_zfkd_2.txt, 4, 0, 0, 0, 0, 0, 0.0011333333333333334, 4.677268475210477E-4, 0.001652892561983471
2023-09-27 09:35:49.737, zfkd_, 60000_, test_zfkd_2.txt, 4, 1, 0, 0, 0, 0, 0.0011333333333333334, 4.677268475210477E-4, 0.001652892561983471
2023-09-27 09:35:50.454, zfkd_, 60000_, test_zfkd_2.txt, 4, 2, 0, 0, 0, 0, 0.0011333333333333334, 4.677268475210477E-4, 0.001652892561983471
2023-09-27 09:35:51.003, zfkd_, 60000_, test_zfkd_2.txt, 5, 0, 0, 0, 0, 0, 0.0011333333333333334, 4.677268475210477E-4, 0.001652892561983471
2023-09-27 09:35:51.72, zfkd_, 60000_, test_zfkd_2.txt, 5, 1, 0, 0, 0, 0, 0.0011333333333333334, 4.677268475210477E-4, 0.001652892561983471
2023-09-27 09:35:52.771, zfkd_, 60000_, test_zfkd_2.txt, 5, 2, 0, 0, 0, 0, 0.0011333333333333334, 4.677268475210477E-4, 0.001652892561983471
