Age, Geschlecht, Inzidenzort, Average-Risk, Avg EquivClassSize, informationLoss, dataSize, featureChange
0, 0, 0, 0.2857142857142857, 3, 0.5462967724248309, 10, avgReidentRisk to 1d
0, 0, 1, 0.2857142857142857, 3, 0.5462967724248309, 10, avgReidentRisk to 1d
0, 0, 2, 0.2857142857142857, 3, 0.5462967724248309, 10, avgReidentRisk to 1d
0, 0, 3, 0.2857142857142857, 3, 0.5462967724248309, 10, avgReidentRisk to 1d
0, 0, 4, 0.2857142857142857, 3, 0.5462967724248309, 10, avgReidentRisk to 1d
0, 0, 5, 0.2857142857142857, 3, 0.5462967724248309, 10, avgReidentRisk to 1d
0, 1, 0, 0.3, 3, 0.6747416494867373, 10, avgReidentRisk to 1d
0, 1, 1, 0.3, 3, 0.6747416494867373, 10, avgReidentRisk to 1d
0, 1, 2, 0.3, 3, 0.6747416494867373, 10, avgReidentRisk to 1d
0, 1, 3, 0.3, 3, 0.6747416494867373, 10, avgReidentRisk to 1d
0, 1, 4, 0.3, 3, 0.6747416494867373, 10, avgReidentRisk to 1d
0, 1, 5, 0.3, 3, 0.6747416494867373, 10, avgReidentRisk to 1d
1, 0, 0, 0.2857142857142857, 3, 0.5462967724248309, 10, avgReidentRisk to 1d
1, 0, 1, 0.2857142857142857, 3, 0.5462967724248309, 10, avgReidentRisk to 1d
1, 0, 2, 0.2857142857142857, 3, 0.5462967724248309, 10, avgReidentRisk to 1d
1, 0, 3, 0.2857142857142857, 3, 0.5462967724248309, 10, avgReidentRisk to 1d
1, 0, 4, 0.2857142857142857, 3, 0.5462967724248309, 10, avgReidentRisk to 1d
1, 0, 5, 0.2857142857142857, 3, 0.5462967724248309, 10, avgReidentRisk to 1d
1, 1, 0, 0.3, 3, 0.6747416494867373, 10, avgReidentRisk to 1d
1, 1, 1, 0.3, 3, 0.6747416494867373, 10, avgReidentRisk to 1d
1, 1, 2, 0.3, 3, 0.6747416494867373, 10, avgReidentRisk to 1d
1, 1, 3, 0.3, 3, 0.6747416494867373, 10, avgReidentRisk to 1d
1, 1, 4, 0.3, 3, 0.6747416494867373, 10, avgReidentRisk to 1d
1, 1, 5, 0.3, 3, 0.6747416494867373, 10, avgReidentRisk to 1d
2, 0, 0, 0.2857142857142857, 3, 0.5462967724248309, 10, avgReidentRisk to 1d
2, 0, 1, 0.2857142857142857, 3, 0.5462967724248309, 10, avgReidentRisk to 1d
2, 0, 2, 0.2857142857142857, 3, 0.5462967724248309, 10, avgReidentRisk to 1d
2, 0, 3, 0.2857142857142857, 3, 0.5462967724248309, 10, avgReidentRisk to 1d
2, 0, 4, 0.2857142857142857, 3, 0.5462967724248309, 10, avgReidentRisk to 1d
2, 0, 5, 0.2857142857142857, 3, 0.5462967724248309, 10, avgReidentRisk to 1d
2, 1, 0, 0.3, 3, 0.6747416494867373, 10, avgReidentRisk to 1d
2, 1, 1, 0.3, 3, 0.6747416494867373, 10, avgReidentRisk to 1d
2, 1, 2, 0.3, 3, 0.6747416494867373, 10, avgReidentRisk to 1d
2, 1, 3, 0.3, 3, 0.6747416494867373, 10, avgReidentRisk to 1d
2, 1, 4, 0.3, 3, 0.6747416494867373, 10, avgReidentRisk to 1d
2, 1, 5, 0.3, 3, 0.6747416494867373, 10, avgReidentRisk to 1d
3, 0, 0, 0.2857142857142857, 3, 0.5462967724248309, 10, avgReidentRisk to 1d
3, 0, 1, 0.2857142857142857, 3, 0.5462967724248309, 10, avgReidentRisk to 1d
3, 0, 2, 0.2857142857142857, 3, 0.5462967724248309, 10, avgReidentRisk to 1d
3, 0, 3, 0.2857142857142857, 3, 0.5462967724248309, 10, avgReidentRisk to 1d
3, 0, 4, 0.2857142857142857, 3, 0.5462967724248309, 10, avgReidentRisk to 1d
3, 0, 5, 0.2857142857142857, 3, 0.5462967724248309, 10, avgReidentRisk to 1d
3, 1, 0, 0.3, 3, 0.6747416494867373, 10, avgReidentRisk to 1d
3, 1, 1, 0.3, 3, 0.6747416494867373, 10, avgReidentRisk to 1d
3, 1, 2, 0.3, 3, 0.6747416494867373, 10, avgReidentRisk to 1d
3, 1, 3, 0.3, 3, 0.6747416494867373, 10, avgReidentRisk to 1d
3, 1, 4, 0.3, 3, 0.6747416494867373, 10, avgReidentRisk to 1d
3, 1, 5, 0.3, 3, 0.6747416494867373, 10, avgReidentRisk to 1d
4, 0, 0, 0.125, 8, 0.6868653305566412, 10, avgReidentRisk to 1d
4, 0, 1, 0.125, 8, 0.6868653305566412, 10, avgReidentRisk to 1d
4, 0, 2, 0.125, 8, 0.6868653305566412, 10, avgReidentRisk to 1d
4, 0, 3, 0.125, 8, 0.6868653305566412, 10, avgReidentRisk to 1d
4, 0, 4, 0.125, 8, 0.6868653305566412, 10, avgReidentRisk to 1d
4, 0, 5, 0.125, 8, 0.6868653305566412, 10, avgReidentRisk to 1d
4, 1, 0, 0.2, 5, 0.9027558244534368, 10, avgReidentRisk to 1d
4, 1, 1, 0.2, 5, 0.9027558244534368, 10, avgReidentRisk to 1d
4, 1, 2, 0.2, 5, 0.9027558244534368, 10, avgReidentRisk to 1d
4, 1, 3, 0.2, 5, 0.9027558244534368, 10, avgReidentRisk to 1d
4, 1, 4, 0.2, 5, 0.9027558244534368, 10, avgReidentRisk to 1d
4, 1, 5, 0.1, 10, 1.0, 10, avgReidentRisk to 1d
0, 0, 0, 0.09183673469387754, 10, 0.3442894407007848, 100, avgReidentRisk to 1d
0, 0, 1, 0.09183673469387754, 10, 0.3442894407007848, 100, avgReidentRisk to 1d
0, 0, 2, 0.09183673469387754, 10, 0.3442894407007848, 100, avgReidentRisk to 1d
0, 0, 3, 0.09183673469387754, 10, 0.3442894407007848, 100, avgReidentRisk to 1d
0, 0, 4, 0.09183673469387754, 10, 0.3442894407007848, 100, avgReidentRisk to 1d
0, 0, 5, 0.09183673469387754, 10, 0.3442894407007848, 100, avgReidentRisk to 1d
0, 1, 0, 0.15584415584415584, 6, 0.5573983986095568, 100, avgReidentRisk to 1d
0, 1, 1, 0.15584415584415584, 6, 0.5573983986095568, 100, avgReidentRisk to 1d
0, 1, 2, 0.15584415584415584, 6, 0.5573983986095568, 100, avgReidentRisk to 1d
0, 1, 3, 0.15584415584415584, 6, 0.5573983986095568, 100, avgReidentRisk to 1d
0, 1, 4, 0.15584415584415584, 6, 0.5573983986095568, 100, avgReidentRisk to 1d
0, 1, 5, 0.13541666666666666, 7, 0.6262489718897521, 100, avgReidentRisk to 1d
1, 0, 0, 0.09183673469387754, 10, 0.3442894407007848, 100, avgReidentRisk to 1d
1, 0, 1, 0.09183673469387754, 10, 0.3442894407007848, 100, avgReidentRisk to 1d
1, 0, 2, 0.09183673469387754, 10, 0.3442894407007848, 100, avgReidentRisk to 1d
1, 0, 3, 0.09183673469387754, 10, 0.3442894407007848, 100, avgReidentRisk to 1d
1, 0, 4, 0.09183673469387754, 10, 0.3442894407007848, 100, avgReidentRisk to 1d
1, 0, 5, 0.09183673469387754, 10, 0.3442894407007848, 100, avgReidentRisk to 1d
1, 1, 0, 0.15584415584415584, 6, 0.5573983986095568, 100, avgReidentRisk to 1d
1, 1, 1, 0.15584415584415584, 6, 0.5573983986095568, 100, avgReidentRisk to 1d
1, 1, 2, 0.15584415584415584, 6, 0.5573983986095568, 100, avgReidentRisk to 1d
1, 1, 3, 0.15584415584415584, 6, 0.5573983986095568, 100, avgReidentRisk to 1d
1, 1, 4, 0.15584415584415584, 6, 0.5573983986095568, 100, avgReidentRisk to 1d
1, 1, 5, 0.13541666666666666, 7, 0.6262489718897521, 100, avgReidentRisk to 1d
2, 0, 0, 0.09183673469387754, 10, 0.3442894407007848, 100, avgReidentRisk to 1d
2, 0, 1, 0.09183673469387754, 10, 0.3442894407007848, 100, avgReidentRisk to 1d
2, 0, 2, 0.09183673469387754, 10, 0.3442894407007848, 100, avgReidentRisk to 1d
2, 0, 3, 0.09183673469387754, 10, 0.3442894407007848, 100, avgReidentRisk to 1d
2, 0, 4, 0.09183673469387754, 10, 0.3442894407007848, 100, avgReidentRisk to 1d
2, 0, 5, 0.09183673469387754, 10, 0.3442894407007848, 100, avgReidentRisk to 1d
2, 1, 0, 0.15584415584415584, 6, 0.5573983986095568, 100, avgReidentRisk to 1d
2, 1, 1, 0.15584415584415584, 6, 0.5573983986095568, 100, avgReidentRisk to 1d
2, 1, 2, 0.15584415584415584, 6, 0.5573983986095568, 100, avgReidentRisk to 1d
2, 1, 3, 0.15584415584415584, 6, 0.5573983986095568, 100, avgReidentRisk to 1d
2, 1, 4, 0.15584415584415584, 6, 0.5573983986095568, 100, avgReidentRisk to 1d
2, 1, 5, 0.09, 11, 0.6299408097241332, 100, avgReidentRisk to 1d
3, 0, 0, 0.09183673469387754, 10, 0.3442894407007848, 100, avgReidentRisk to 1d
3, 0, 1, 0.09183673469387754, 10, 0.3442894407007848, 100, avgReidentRisk to 1d
3, 0, 2, 0.09183673469387754, 10, 0.3442894407007848, 100, avgReidentRisk to 1d
3, 0, 3, 0.09183673469387754, 10, 0.3442894407007848, 100, avgReidentRisk to 1d
3, 0, 4, 0.09183673469387754, 10, 0.3442894407007848, 100, avgReidentRisk to 1d
3, 0, 5, 0.09183673469387754, 10, 0.3442894407007848, 100, avgReidentRisk to 1d
3, 1, 0, 0.15584415584415584, 6, 0.5573983986095568, 100, avgReidentRisk to 1d
3, 1, 1, 0.15584415584415584, 6, 0.5573983986095568, 100, avgReidentRisk to 1d
3, 1, 2, 0.15584415584415584, 6, 0.5573983986095568, 100, avgReidentRisk to 1d
3, 1, 3, 0.15584415584415584, 6, 0.5573983986095568, 100, avgReidentRisk to 1d
3, 1, 4, 0.15584415584415584, 6, 0.5573983986095568, 100, avgReidentRisk to 1d
3, 1, 5, 0.05, 20, 0.6747416494867373, 100, avgReidentRisk to 1d
4, 0, 0, 0.10638297872340426, 9, 0.37787821047251624, 100, avgReidentRisk to 1d
4, 0, 1, 0.10638297872340426, 9, 0.37787821047251624, 100, avgReidentRisk to 1d
4, 0, 2, 0.10638297872340426, 9, 0.37787821047251624, 100, avgReidentRisk to 1d
4, 0, 3, 0.10638297872340426, 9, 0.37787821047251624, 100, avgReidentRisk to 1d
4, 0, 4, 0.10638297872340426, 9, 0.37787821047251624, 100, avgReidentRisk to 1d
4, 0, 5, 0.02, 50, 0.5874010519681996, 100, avgReidentRisk to 1d
4, 1, 0, 0.0707070707070707, 14, 0.6799315721373258, 100, avgReidentRisk to 1d
4, 1, 1, 0.0707070707070707, 14, 0.6799315721373258, 100, avgReidentRisk to 1d
4, 1, 2, 0.0707070707070707, 14, 0.6799315721373258, 100, avgReidentRisk to 1d
4, 1, 3, 0.0707070707070707, 14, 0.6799315721373258, 100, avgReidentRisk to 1d
4, 1, 4, 0.0707070707070707, 14, 0.6799315721373258, 100, avgReidentRisk to 1d
4, 1, 5, 0.01, 100, 1.0, 100, avgReidentRisk to 1d
0, 0, 0, 0.09578947368421052, 10, 0.13107915339241627, 1000, avgReidentRisk to 1d
0, 0, 1, 0.09578947368421052, 10, 0.13107915339241627, 1000, avgReidentRisk to 1d
0, 0, 2, 0.09578947368421052, 10, 0.13107915339241627, 1000, avgReidentRisk to 1d
0, 0, 3, 0.09578947368421052, 10, 0.13107915339241627, 1000, avgReidentRisk to 1d
0, 0, 4, 0.09578947368421052, 10, 0.13107915339241627, 1000, avgReidentRisk to 1d
0, 0, 5, 0.03319919517102616, 30, 0.2800634435028786, 1000, avgReidentRisk to 1d
0, 1, 0, 0.10805084745762711, 9, 0.3773446464936725, 1000, avgReidentRisk to 1d
0, 1, 1, 0.10805084745762711, 9, 0.3773446464936725, 1000, avgReidentRisk to 1d
0, 1, 2, 0.10805084745762711, 9, 0.3773446464936725, 1000, avgReidentRisk to 1d
0, 1, 3, 0.10805084745762711, 9, 0.3773446464936725, 1000, avgReidentRisk to 1d
0, 1, 4, 0.0581039755351682, 17, 0.3795705994201448, 1000, avgReidentRisk to 1d
0, 1, 5, 0.07222787385554424, 13, 0.596345827356914, 1000, avgReidentRisk to 1d
1, 0, 0, 0.09578947368421052, 10, 0.13107915339241627, 1000, avgReidentRisk to 1d
1, 0, 1, 0.09578947368421052, 10, 0.13107915339241627, 1000, avgReidentRisk to 1d
1, 0, 2, 0.09578947368421052, 10, 0.13107915339241627, 1000, avgReidentRisk to 1d
1, 0, 3, 0.09578947368421052, 10, 0.13107915339241627, 1000, avgReidentRisk to 1d
1, 0, 4, 0.09578947368421052, 10, 0.13107915339241627, 1000, avgReidentRisk to 1d
1, 0, 5, 0.03319919517102616, 30, 0.2800634435028786, 1000, avgReidentRisk to 1d
1, 1, 0, 0.10805084745762711, 9, 0.3773446464936725, 1000, avgReidentRisk to 1d
1, 1, 1, 0.10805084745762711, 9, 0.3773446464936725, 1000, avgReidentRisk to 1d
1, 1, 2, 0.10805084745762711, 9, 0.3773446464936725, 1000, avgReidentRisk to 1d
1, 1, 3, 0.10805084745762711, 9, 0.3773446464936725, 1000, avgReidentRisk to 1d
1, 1, 4, 0.0581039755351682, 17, 0.3795705994201448, 1000, avgReidentRisk to 1d
1, 1, 5, 0.018018018018018018, 55, 0.6070834640574552, 1000, avgReidentRisk to 1d
2, 0, 0, 0.09578947368421052, 10, 0.13107915339241627, 1000, avgReidentRisk to 1d
2, 0, 1, 0.09578947368421052, 10, 0.13107915339241627, 1000, avgReidentRisk to 1d
2, 0, 2, 0.09578947368421052, 10, 0.13107915339241627, 1000, avgReidentRisk to 1d
2, 0, 3, 0.09578947368421052, 10, 0.13107915339241627, 1000, avgReidentRisk to 1d
2, 0, 4, 0.09578947368421052, 10, 0.13107915339241627, 1000, avgReidentRisk to 1d
2, 0, 5, 0.019019019019019017, 52, 0.2944814288518771, 1000, avgReidentRisk to 1d
2, 1, 0, 0.10805084745762711, 9, 0.3773446464936725, 1000, avgReidentRisk to 1d
2, 1, 1, 0.10805084745762711, 9, 0.3773446464936725, 1000, avgReidentRisk to 1d
2, 1, 2, 0.10805084745762711, 9, 0.3773446464936725, 1000, avgReidentRisk to 1d
2, 1, 3, 0.10805084745762711, 9, 0.3773446464936725, 1000, avgReidentRisk to 1d
2, 1, 4, 0.0581039755351682, 17, 0.3795705994201448, 1000, avgReidentRisk to 1d
2, 1, 5, 0.01, 100, 0.6299408097241332, 1000, avgReidentRisk to 1d
3, 0, 0, 0.06256410256410257, 15, 0.13652347587109648, 1000, avgReidentRisk to 1d
3, 0, 1, 0.06256410256410257, 15, 0.13652347587109648, 1000, avgReidentRisk to 1d
3, 0, 2, 0.06256410256410257, 15, 0.13652347587109648, 1000, avgReidentRisk to 1d
3, 0, 3, 0.06256410256410257, 15, 0.13652347587109648, 1000, avgReidentRisk to 1d
3, 0, 4, 0.06256410256410257, 15, 0.13652347587109648, 1000, avgReidentRisk to 1d
3, 0, 5, 0.011011011011011011, 90, 0.32985937523294706, 1000, avgReidentRisk to 1d
3, 1, 0, 0.10805084745762711, 9, 0.3773446464936725, 1000, avgReidentRisk to 1d
3, 1, 1, 0.10805084745762711, 9, 0.3773446464936725, 1000, avgReidentRisk to 1d
3, 1, 2, 0.10805084745762711, 9, 0.3773446464936725, 1000, avgReidentRisk to 1d
3, 1, 3, 0.10805084745762711, 9, 0.3773446464936725, 1000, avgReidentRisk to 1d
3, 1, 4, 0.03535353535353535, 28, 0.40971419586445124, 1000, avgReidentRisk to 1d
3, 1, 5, 0.006, 166, 0.6745235557659623, 1000, avgReidentRisk to 1d
4, 0, 0, 0.08399999999999999, 11, 0.2599210498948732, 1000, avgReidentRisk to 1d
4, 0, 1, 0.08399999999999999, 11, 0.2599210498948732, 1000, avgReidentRisk to 1d
4, 0, 2, 0.08399999999999999, 11, 0.2599210498948732, 1000, avgReidentRisk to 1d
4, 0, 3, 0.062, 16, 0.2659966879047375, 1000, avgReidentRisk to 1d
4, 0, 4, 0.016, 62, 0.32958568212835093, 1000, avgReidentRisk to 1d
4, 0, 5, 0.002, 500, 0.5874010519681996, 1000, avgReidentRisk to 1d
4, 1, 0, 0.041999999999999996, 23, 0.5874010519681996, 1000, avgReidentRisk to 1d
4, 1, 1, 0.041999999999999996, 23, 0.5874010519681996, 1000, avgReidentRisk to 1d
4, 1, 2, 0.041999999999999996, 23, 0.5874010519681996, 1000, avgReidentRisk to 1d
4, 1, 3, 0.031, 32, 0.5950558761883689, 1000, avgReidentRisk to 1d
4, 1, 4, 0.008, 125, 0.6751729885523432, 1000, avgReidentRisk to 1d
4, 1, 5, 0.001, 1000, 1.0, 1000, avgReidentRisk to 1d
0, 0, 0, 0.09150865622423743, 10, 0.06070937005565291, 5000, avgReidentRisk to 1d
0, 0, 1, 0.09150865622423743, 10, 0.06070937005565291, 5000, avgReidentRisk to 1d
0, 0, 2, 0.09150865622423743, 10, 0.06070937005565291, 5000, avgReidentRisk to 1d
0, 0, 3, 0.09150865622423743, 10, 0.06070937005565291, 5000, avgReidentRisk to 1d
0, 0, 4, 0.04639384116693679, 21, 0.08086340157313732, 5000, avgReidentRisk to 1d
0, 0, 5, 0.03334672559260747, 29, 0.26361411328029916, 5000, avgReidentRisk to 1d
0, 1, 0, 0.08649093904448106, 11, 0.30489633096651114, 5000, avgReidentRisk to 1d
0, 1, 1, 0.08649093904448106, 11, 0.30489633096651114, 5000, avgReidentRisk to 1d
0, 1, 2, 0.08649093904448106, 11, 0.30489633096651114, 5000, avgReidentRisk to 1d
0, 1, 3, 0.08649093904448106, 11, 0.30489633096651114, 5000, avgReidentRisk to 1d
0, 1, 4, 0.02630522088353414, 38, 0.34932826241509396, 5000, avgReidentRisk to 1d
0, 1, 5, 0.017821385662795355, 56, 0.5880357585211349, 5000, avgReidentRisk to 1d
1, 0, 0, 0.09150865622423743, 10, 0.06070937005565291, 5000, avgReidentRisk to 1d
1, 0, 1, 0.09150865622423743, 10, 0.06070937005565291, 5000, avgReidentRisk to 1d
1, 0, 2, 0.09150865622423743, 10, 0.06070937005565291, 5000, avgReidentRisk to 1d
1, 0, 3, 0.09150865622423743, 10, 0.06070937005565291, 5000, avgReidentRisk to 1d
1, 0, 4, 0.04639384116693679, 21, 0.08086340157313732, 5000, avgReidentRisk to 1d
1, 0, 5, 0.007600000000000001, 131, 0.27514815561966666, 5000, avgReidentRisk to 1d
1, 1, 0, 0.08649093904448106, 11, 0.30489633096651114, 5000, avgReidentRisk to 1d
1, 1, 1, 0.08649093904448106, 11, 0.30489633096651114, 5000, avgReidentRisk to 1d
1, 1, 2, 0.08649093904448106, 11, 0.30489633096651114, 5000, avgReidentRisk to 1d
1, 1, 3, 0.08649093904448106, 11, 0.30489633096651114, 5000, avgReidentRisk to 1d
1, 1, 4, 0.02630522088353414, 38, 0.34932826241509396, 5000, avgReidentRisk to 1d
1, 1, 5, 0.0038000000000000004, 263, 0.6065860029998416, 5000, avgReidentRisk to 1d
2, 0, 0, 0.09150865622423743, 10, 0.06070937005565291, 5000, avgReidentRisk to 1d
2, 0, 1, 0.09150865622423743, 10, 0.06070937005565291, 5000, avgReidentRisk to 1d
2, 0, 2, 0.09150865622423743, 10, 0.06070937005565291, 5000, avgReidentRisk to 1d
2, 0, 3, 0.09150865622423743, 10, 0.06070937005565291, 5000, avgReidentRisk to 1d
2, 0, 4, 0.027325698211774163, 36, 0.08846841518771953, 5000, avgReidentRisk to 1d
2, 0, 5, 0.004, 250, 0.29368487800099397, 5000, avgReidentRisk to 1d
2, 1, 0, 0.06846810239739944, 14, 0.30608276557996716, 5000, avgReidentRisk to 1d
2, 1, 1, 0.06846810239739944, 14, 0.30608276557996716, 5000, avgReidentRisk to 1d
2, 1, 2, 0.06846810239739944, 14, 0.30608276557996716, 5000, avgReidentRisk to 1d
2, 1, 3, 0.05162988459202268, 19, 0.30979262872327795, 5000, avgReidentRisk to 1d
2, 1, 4, 0.01482371794871795, 67, 0.36701513517240625, 5000, avgReidentRisk to 1d
2, 1, 5, 0.002, 500, 0.6299408097241332, 5000, avgReidentRisk to 1d
3, 0, 0, 0.05735711390352655, 17, 0.0727703660125203, 5000, avgReidentRisk to 1d
3, 0, 1, 0.05735711390352655, 17, 0.0727703660125203, 5000, avgReidentRisk to 1d
3, 0, 2, 0.05735711390352655, 17, 0.0727703660125203, 5000, avgReidentRisk to 1d
3, 0, 3, 0.05735711390352655, 17, 0.0727703660125203, 5000, avgReidentRisk to 1d
3, 0, 4, 0.016446048937023665, 60, 0.11629538302215447, 5000, avgReidentRisk to 1d
3, 0, 5, 0.0024, 416, 0.3290009738943174, 5000, avgReidentRisk to 1d
3, 1, 0, 0.041515517936316006, 24, 0.3348887342506677, 5000, avgReidentRisk to 1d
3, 1, 1, 0.041515517936316006, 24, 0.3348887342506677, 5000, avgReidentRisk to 1d
3, 1, 2, 0.041515517936316006, 24, 0.3348887342506677, 5000, avgReidentRisk to 1d
3, 1, 3, 0.031004630561707266, 32, 0.34074284912022734, 5000, avgReidentRisk to 1d
3, 1, 4, 0.00900360144057623, 111, 0.40338008435490647, 5000, avgReidentRisk to 1d
3, 1, 5, 0.0012, 833, 0.6744363023402373, 5000, avgReidentRisk to 1d
4, 0, 0, 0.0168, 59, 0.2599210498948732, 5000, avgReidentRisk to 1d
4, 0, 1, 0.0168, 59, 0.2599210498948732, 5000, avgReidentRisk to 1d
4, 0, 2, 0.0168, 59, 0.2599210498948732, 5000, avgReidentRisk to 1d
4, 0, 3, 0.012400000000000001, 80, 0.2662340406049979, 5000, avgReidentRisk to 1d
4, 0, 4, 0.0032, 312, 0.33015019808625823, 5000, avgReidentRisk to 1d
4, 0, 5, 4.0E-4, 2500, 0.5874010519681996, 5000, avgReidentRisk to 1d
4, 1, 0, 0.0084, 119, 0.5874010519681996, 5000, avgReidentRisk to 1d
4, 1, 1, 0.0084, 119, 0.5874010519681996, 5000, avgReidentRisk to 1d
4, 1, 2, 0.0084, 119, 0.5874010519681996, 5000, avgReidentRisk to 1d
4, 1, 3, 0.006200000000000001, 161, 0.5953549218516767, 5000, avgReidentRisk to 1d
4, 1, 4, 0.0016, 625, 0.6758842340907121, 5000, avgReidentRisk to 1d
4, 1, 5, 2.0E-4, 5000, 1.0, 5000, avgReidentRisk to 1d
0, 0, 0, 0.05171717171717172, 19, 0.04161136473414562, 10000, avgReidentRisk to 1d
0, 0, 1, 0.05171717171717172, 19, 0.04161136473414562, 10000, avgReidentRisk to 1d
0, 0, 2, 0.05171717171717172, 19, 0.04161136473414562, 10000, avgReidentRisk to 1d
0, 0, 3, 0.05171717171717172, 19, 0.04161136473414562, 10000, avgReidentRisk to 1d
0, 0, 4, 0.025914021695460022, 38, 0.07294919090142216, 10000, avgReidentRisk to 1d
0, 0, 5, 0.017526289434151226, 57, 0.26118065613233243, 10000, avgReidentRisk to 1d
0, 1, 0, 0.06340174761227392, 15, 0.2880714432574012, 10000, avgReidentRisk to 1d
0, 1, 1, 0.06340174761227392, 15, 0.2880714432574012, 10000, avgReidentRisk to 1d
0, 1, 2, 0.06340174761227392, 15, 0.2880714432574012, 10000, avgReidentRisk to 1d
0, 1, 3, 0.048326761702557876, 20, 0.2903363452058416, 10000, avgReidentRisk to 1d
0, 1, 4, 0.05222278998467041, 19, 0.34738384031398484, 10000, avgReidentRisk to 1d
0, 1, 5, 0.009102730819245773, 109, 0.5875597761491282, 10000, avgReidentRisk to 1d
1, 0, 0, 0.05171717171717172, 19, 0.04161136473414562, 10000, avgReidentRisk to 1d
1, 0, 1, 0.05171717171717172, 19, 0.04161136473414562, 10000, avgReidentRisk to 1d
1, 0, 2, 0.05171717171717172, 19, 0.04161136473414562, 10000, avgReidentRisk to 1d
1, 0, 3, 0.05171717171717172, 19, 0.04161136473414562, 10000, avgReidentRisk to 1d
1, 0, 4, 0.025914021695460022, 38, 0.07294919090142216, 10000, avgReidentRisk to 1d
1, 0, 5, 0.0038000000000000004, 263, 0.27514815561966666, 10000, avgReidentRisk to 1d
1, 1, 0, 0.06340174761227392, 15, 0.2880714432574012, 10000, avgReidentRisk to 1d
1, 1, 1, 0.06340174761227392, 15, 0.2880714432574012, 10000, avgReidentRisk to 1d
1, 1, 2, 0.06340174761227392, 15, 0.2880714432574012, 10000, avgReidentRisk to 1d
1, 1, 3, 0.048326761702557876, 20, 0.2903363452058416, 10000, avgReidentRisk to 1d
1, 1, 4, 0.014016820184221065, 71, 0.3473884266139218, 10000, avgReidentRisk to 1d
1, 1, 5, 0.0019000000000000002, 526, 0.6065860029998416, 10000, avgReidentRisk to 1d
2, 0, 0, 0.05171717171717172, 19, 0.04161136473414562, 10000, avgReidentRisk to 1d
2, 0, 1, 0.05171717171717172, 19, 0.04161136473414562, 10000, avgReidentRisk to 1d
2, 0, 2, 0.05171717171717172, 19, 0.04161136473414562, 10000, avgReidentRisk to 1d
2, 0, 3, 0.05171717171717172, 19, 0.04161136473414562, 10000, avgReidentRisk to 1d
2, 0, 4, 0.014814814814814815, 67, 0.08517993400463109, 10000, avgReidentRisk to 1d
2, 0, 5, 0.002, 500, 0.29368487800099397, 10000, avgReidentRisk to 1d
2, 1, 0, 0.03700724054706356, 27, 0.29814234791696226, 10000, avgReidentRisk to 1d
2, 1, 1, 0.03700724054706356, 27, 0.29814234791696226, 10000, avgReidentRisk to 1d
2, 1, 2, 0.03700724054706356, 27, 0.29814234791696226, 10000, avgReidentRisk to 1d
2, 1, 3, 0.028092705929567575, 35, 0.3027169385576265, 10000, avgReidentRisk to 1d
2, 1, 4, 0.0077015403080616125, 129, 0.3661770153287218, 10000, avgReidentRisk to 1d
2, 1, 5, 0.001, 1000, 0.6299408097241332, 10000, avgReidentRisk to 1d
3, 0, 0, 0.04189270644966848, 23, 0.05936900358570929, 10000, avgReidentRisk to 1d
3, 0, 1, 0.04189270644966848, 23, 0.05936900358570929, 10000, avgReidentRisk to 1d
3, 0, 2, 0.04189270644966848, 23, 0.05936900358570929, 10000, avgReidentRisk to 1d
3, 0, 3, 0.031221764883043873, 32, 0.06390914263233971, 10000, avgReidentRisk to 1d
3, 0, 4, 0.008803521408563424, 113, 0.11426031006501658, 10000, avgReidentRisk to 1d
3, 0, 5, 0.0012, 833, 0.3290806143082574, 10000, avgReidentRisk to 1d
3, 1, 0, 0.021475163070747618, 46, 0.3318415569950455, 10000, avgReidentRisk to 1d
3, 1, 1, 0.021475163070747618, 46, 0.3318415569950455, 10000, avgReidentRisk to 1d
3, 1, 2, 0.021475163070747618, 46, 0.3318415569950455, 10000, avgReidentRisk to 1d
3, 1, 3, 0.01633593906594508, 61, 0.3373984505109773, 10000, avgReidentRisk to 1d
3, 1, 4, 0.004500900180036007, 222, 0.40354999833868943, 10000, avgReidentRisk to 1d
3, 1, 5, 6.0E-4, 1666, 0.6745366429741828, 10000, avgReidentRisk to 1d
4, 0, 0, 0.0084, 119, 0.2599210498948732, 10000, avgReidentRisk to 1d
4, 0, 1, 0.0084, 119, 0.2599210498948732, 10000, avgReidentRisk to 1d
4, 0, 2, 0.0084, 119, 0.2599210498948732, 10000, avgReidentRisk to 1d
4, 0, 3, 0.006200000000000001, 161, 0.2661701467229627, 10000, avgReidentRisk to 1d
4, 0, 4, 0.0016, 625, 0.3303716443084961, 10000, avgReidentRisk to 1d
4, 0, 5, 2.0E-4, 5000, 0.5874010519681996, 10000, avgReidentRisk to 1d
4, 1, 0, 0.0042, 238, 0.5874010519681996, 10000, avgReidentRisk to 1d
4, 1, 1, 0.0042, 238, 0.5874010519681996, 10000, avgReidentRisk to 1d
4, 1, 2, 0.0042, 238, 0.5874010519681996, 10000, avgReidentRisk to 1d
4, 1, 3, 0.0031000000000000003, 322, 0.5952744206047407, 10000, avgReidentRisk to 1d
4, 1, 4, 8.0E-4, 1250, 0.6761632388475292, 10000, avgReidentRisk to 1d
4, 1, 5, 1.0E-4, 10000, 1.0, 10000, avgReidentRisk to 1d
0, 0, 0, 0.06339530630905212, 15, 0.027600392078995784, 20000, avgReidentRisk to 1d
0, 0, 1, 0.06339530630905212, 15, 0.027600392078995784, 20000, avgReidentRisk to 1d
0, 0, 2, 0.06339530630905212, 15, 0.027600392078995784, 20000, avgReidentRisk to 1d
0, 0, 3, 0.048338979622794154, 20, 0.02807815814141934, 20000, avgReidentRisk to 1d
0, 0, 4, 0.013916700040048057, 71, 0.06977188941028833, 20000, avgReidentRisk to 1d
0, 0, 5, 0.0093, 107, 0.2599210498948732, 20000, avgReidentRisk to 1d
0, 1, 0, 0.03476204849582453, 28, 0.2801452846164627, 20000, avgReidentRisk to 1d
0, 1, 1, 0.03476204849582453, 28, 0.2801452846164627, 20000, avgReidentRisk to 1d
0, 1, 2, 0.03476204849582453, 28, 0.2801452846164627, 20000, avgReidentRisk to 1d
0, 1, 3, 0.02635939147461967, 37, 0.2848351039186643, 20000, avgReidentRisk to 1d
0, 1, 4, 0.030100166104595562, 33, 0.33556384222193336, 20000, avgReidentRisk to 1d
0, 1, 5, 0.00465, 215, 0.5874010519681996, 20000, avgReidentRisk to 1d
1, 0, 0, 0.06339530630905212, 15, 0.027600392078995784, 20000, avgReidentRisk to 1d
1, 0, 1, 0.06339530630905212, 15, 0.027600392078995784, 20000, avgReidentRisk to 1d
1, 0, 2, 0.06339530630905212, 15, 0.027600392078995784, 20000, avgReidentRisk to 1d
1, 0, 3, 0.048338979622794154, 20, 0.02807815814141934, 20000, avgReidentRisk to 1d
1, 0, 4, 0.013916700040048057, 71, 0.06977188941028833, 20000, avgReidentRisk to 1d
1, 0, 5, 0.0019000000000000002, 526, 0.27514815561966666, 20000, avgReidentRisk to 1d
1, 1, 0, 0.03476204849582453, 28, 0.2801452846164627, 20000, avgReidentRisk to 1d
1, 1, 1, 0.03476204849582453, 28, 0.2801452846164627, 20000, avgReidentRisk to 1d
1, 1, 2, 0.03476204849582453, 28, 0.2801452846164627, 20000, avgReidentRisk to 1d
1, 1, 3, 0.02635939147461967, 37, 0.2848351039186643, 20000, avgReidentRisk to 1d
1, 1, 4, 0.007252901160464185, 137, 0.3466639551040629, 20000, avgReidentRisk to 1d
1, 1, 5, 9.500000000000001E-4, 1052, 0.6065860029998416, 20000, avgReidentRisk to 1d
2, 0, 0, 0.03680024164317358, 27, 0.03342544637409328, 20000, avgReidentRisk to 1d
2, 0, 1, 0.03680024164317358, 27, 0.03342544637409328, 20000, avgReidentRisk to 1d
2, 0, 2, 0.03680024164317358, 27, 0.03342544637409328, 20000, avgReidentRisk to 1d
2, 0, 3, 0.028151344841429143, 35, 0.035374047315395396, 20000, avgReidentRisk to 1d
2, 0, 4, 0.0077015403080616125, 129, 0.08432271225317334, 20000, avgReidentRisk to 1d
2, 0, 5, 0.001, 1000, 0.29368487800099397, 20000, avgReidentRisk to 1d
2, 1, 0, 0.02012112718354272, 49, 0.29452124980749406, 20000, avgReidentRisk to 1d
2, 1, 1, 0.02012112718354272, 49, 0.29452124980749406, 20000, avgReidentRisk to 1d
2, 1, 2, 0.02012112718354272, 49, 0.29452124980749406, 20000, avgReidentRisk to 1d
2, 1, 3, 0.01505828205513032, 66, 0.3005163707869849, 20000, avgReidentRisk to 1d
2, 1, 4, 0.003950197509875493, 253, 0.36595546225817, 20000, avgReidentRisk to 1d
2, 1, 5, 5.0E-4, 2000, 0.6299408097241332, 20000, avgReidentRisk to 1d
3, 0, 0, 0.021630031115125965, 46, 0.058484657016079744, 20000, avgReidentRisk to 1d
3, 0, 1, 0.021630031115125965, 46, 0.058484657016079744, 20000, avgReidentRisk to 1d
3, 0, 2, 0.021630031115125965, 46, 0.058484657016079744, 20000, avgReidentRisk to 1d
3, 0, 3, 0.01634167126171738, 61, 0.06256558301647774, 20000, avgReidentRisk to 1d
3, 0, 4, 0.0046004600460046, 217, 0.11386084024524923, 20000, avgReidentRisk to 1d
3, 0, 5, 6.0E-4, 1666, 0.32904772050180964, 20000, avgReidentRisk to 1d
3, 1, 0, 0.01171229791280845, 85, 0.329876324191408, 20000, avgReidentRisk to 1d
3, 1, 1, 0.01171229791280845, 85, 0.329876324191408, 20000, avgReidentRisk to 1d
3, 1, 2, 0.01171229791280845, 85, 0.329876324191408, 20000, avgReidentRisk to 1d
3, 1, 3, 0.008854870178598229, 112, 0.3360498265776273, 20000, avgReidentRisk to 1d
3, 1, 4, 0.002350117505875294, 425, 0.40329227899558195, 20000, avgReidentRisk to 1d
3, 1, 5, 3.0E-4, 3333, 0.6744951993750279, 20000, avgReidentRisk to 1d
4, 0, 0, 0.0042, 238, 0.2599210498948732, 20000, avgReidentRisk to 1d
4, 0, 1, 0.0042, 238, 0.2599210498948732, 20000, avgReidentRisk to 1d
4, 0, 2, 0.0042, 238, 0.2599210498948732, 20000, avgReidentRisk to 1d
4, 0, 3, 0.0031000000000000003, 322, 0.2661488473292275, 20000, avgReidentRisk to 1d
4, 0, 4, 8.0E-4, 1250, 0.3302678218448212, 20000, avgReidentRisk to 1d
4, 0, 5, 1.0E-4, 10000, 0.5874010519681996, 20000, avgReidentRisk to 1d
4, 1, 0, 0.0021, 476, 0.5874010519681996, 20000, avgReidentRisk to 1d
4, 1, 1, 0.0021, 476, 0.5874010519681996, 20000, avgReidentRisk to 1d
4, 1, 2, 0.0021, 476, 0.5874010519681996, 20000, avgReidentRisk to 1d
4, 1, 3, 0.0015500000000000002, 645, 0.5952475850502237, 20000, avgReidentRisk to 1d
4, 1, 4, 4.0E-4, 2500, 0.6760324307400933, 20000, avgReidentRisk to 1d
4, 1, 5, 5.0E-5, 20000, 1.0, 20000, avgReidentRisk to 1d
0, 0, 0, 0.028804849652735956, 34, 0.015682808646017232, 50000, avgReidentRisk to 1d
0, 0, 1, 0.028804849652735956, 34, 0.015682808646017232, 50000, avgReidentRisk to 1d
0, 0, 2, 0.028804849652735956, 34, 0.015682808646017232, 50000, avgReidentRisk to 1d
0, 0, 3, 0.021666366023289838, 46, 0.01925682701291409, 50000, avgReidentRisk to 1d
0, 0, 4, 0.02516872890888639, 39, 0.060300544550789814, 50000, avgReidentRisk to 1d
0, 0, 5, 0.00372, 268, 0.2599210498948732, 50000, avgReidentRisk to 1d
0, 1, 0, 0.062317251461988306, 16, 0.27252240183956844, 50000, avgReidentRisk to 1d
0, 1, 1, 0.062317251461988306, 16, 0.27252240183956844, 50000, avgReidentRisk to 1d
0, 1, 2, 0.062317251461988306, 16, 0.27252240183956844, 50000, avgReidentRisk to 1d
0, 1, 3, 0.04738532388050658, 21, 0.27440922917833777, 50000, avgReidentRisk to 1d
0, 1, 4, 0.013634179546728596, 73, 0.3313717480821068, 50000, avgReidentRisk to 1d
0, 1, 5, 0.00186, 537, 0.5874010519681996, 50000, avgReidentRisk to 1d
1, 0, 0, 0.028804849652735956, 34, 0.015682808646017232, 50000, avgReidentRisk to 1d
1, 0, 1, 0.028804849652735956, 34, 0.015682808646017232, 50000, avgReidentRisk to 1d
1, 0, 2, 0.028804849652735956, 34, 0.015682808646017232, 50000, avgReidentRisk to 1d
1, 0, 3, 0.021666366023289838, 46, 0.01925682701291409, 50000, avgReidentRisk to 1d
1, 0, 4, 0.005841869398207427, 171, 0.06911894194484214, 50000, avgReidentRisk to 1d
1, 0, 5, 7.599999999999999E-4, 1315, 0.27514815561966666, 50000, avgReidentRisk to 1d
1, 1, 0, 0.015332572709621888, 65, 0.2758204721856685, 50000, avgReidentRisk to 1d
1, 1, 1, 0.015332572709621888, 65, 0.2758204721856685, 50000, avgReidentRisk to 1d
1, 1, 2, 0.015332572709621888, 65, 0.2758204721856685, 50000, avgReidentRisk to 1d
1, 1, 3, 0.011405246413350141, 87, 0.2818973699795071, 50000, avgReidentRisk to 1d
1, 1, 4, 0.003000060001200024, 333, 0.34662235427572874, 50000, avgReidentRisk to 1d
1, 1, 5, 3.7999999999999997E-4, 2631, 0.6065860029998416, 50000, avgReidentRisk to 1d
2, 0, 0, 0.016273018414731784, 61, 0.02757803703745121, 50000, avgReidentRisk to 1d
2, 0, 1, 0.016273018414731784, 61, 0.02757803703745121, 50000, avgReidentRisk to 1d
2, 0, 2, 0.016273018414731784, 61, 0.02757803703745121, 50000, avgReidentRisk to 1d
2, 0, 3, 0.012085801184568593, 82, 0.032398064074359745, 50000, avgReidentRisk to 1d
2, 0, 4, 0.003180127205088204, 314, 0.08437827478983162, 50000, avgReidentRisk to 1d
2, 0, 5, 4.0E-4, 2500, 0.29368487800099397, 50000, avgReidentRisk to 1d
2, 1, 0, 0.008380167603352067, 119, 0.2937008114182724, 50000, avgReidentRisk to 1d
2, 1, 1, 0.008380167603352067, 119, 0.2937008114182724, 50000, avgReidentRisk to 1d
2, 1, 2, 0.008380167603352067, 119, 0.2937008114182724, 50000, avgReidentRisk to 1d
2, 1, 3, 0.006200000000000001, 161, 0.30015080183633747, 50000, avgReidentRisk to 1d
2, 1, 4, 0.0016, 625, 0.36618189460054995, 50000, avgReidentRisk to 1d
2, 1, 5, 2.0E-4, 5000, 0.6299408097241332, 50000, avgReidentRisk to 1d
3, 0, 0, 0.009567462620844258, 104, 0.05562244413708162, 50000, avgReidentRisk to 1d
3, 0, 1, 0.009567462620844258, 104, 0.05562244413708162, 50000, avgReidentRisk to 1d
3, 0, 2, 0.009567462620844258, 104, 0.05562244413708162, 50000, avgReidentRisk to 1d
3, 0, 3, 0.0071432859115192985, 139, 0.060581558708870276, 50000, avgReidentRisk to 1d
3, 0, 4, 0.0019000760030401214, 526, 0.11401207318511886, 50000, avgReidentRisk to 1d
3, 0, 5, 2.3999999999999998E-4, 4166, 0.32903975650324946, 50000, avgReidentRisk to 1d
3, 1, 0, 0.00502010040200804, 199, 0.32905554197366294, 50000, avgReidentRisk to 1d
3, 1, 1, 0.00502010040200804, 199, 0.32905554197366294, 50000, avgReidentRisk to 1d
3, 1, 2, 0.00502010040200804, 199, 0.32905554197366294, 50000, avgReidentRisk to 1d
3, 1, 3, 0.00372, 268, 0.33568238639390113, 50000, avgReidentRisk to 1d
3, 1, 4, 9.599999999999999E-4, 1041, 0.40351803087062743, 50000, avgReidentRisk to 1d
3, 1, 5, 1.1999999999999999E-4, 8333, 0.6744851653656008, 50000, avgReidentRisk to 1d
4, 0, 0, 0.00168, 595, 0.2599210498948732, 50000, avgReidentRisk to 1d
4, 0, 1, 0.00168, 595, 0.2599210498948732, 50000, avgReidentRisk to 1d
4, 0, 2, 0.00168, 595, 0.2599210498948732, 50000, avgReidentRisk to 1d
4, 0, 3, 0.00124, 806, 0.2662182198515588, 50000, avgReidentRisk to 1d
4, 0, 4, 3.2E-4, 3125, 0.3305259698576839, 50000, avgReidentRisk to 1d
4, 0, 5, 4.0E-5, 25000, 0.5874010519681996, 50000, avgReidentRisk to 1d
4, 1, 0, 8.4E-4, 1190, 0.5874010519681996, 50000, avgReidentRisk to 1d
4, 1, 1, 8.4E-4, 1190, 0.5874010519681996, 50000, avgReidentRisk to 1d
4, 1, 2, 8.4E-4, 1190, 0.5874010519681996, 50000, avgReidentRisk to 1d
4, 1, 3, 6.2E-4, 1612, 0.5953349889513933, 50000, avgReidentRisk to 1d
4, 1, 4, 1.6E-4, 6250, 0.6763576768554875, 50000, avgReidentRisk to 1d
4, 1, 5, 2.0E-5, 50000, 1.0, 50000, avgReidentRisk to 1d
0, 0, 0, 0.020045405982905985, 49, 0.01366688311863995, 75000, avgReidentRisk to 1d
0, 0, 1, 0.020045405982905985, 49, 0.01366688311863995, 75000, avgReidentRisk to 1d
0, 0, 2, 0.020045405982905985, 49, 0.01366688311863995, 75000, avgReidentRisk to 1d
0, 0, 3, 0.014947683109118086, 66, 0.018118451049361495, 75000, avgReidentRisk to 1d
0, 0, 4, 0.017545266252421997, 56, 0.0583151341986512, 75000, avgReidentRisk to 1d
0, 0, 5, 0.00248, 403, 0.2599210498948732, 75000, avgReidentRisk to 1d
0, 1, 0, 0.04376723847965018, 22, 0.2674692819833735, 75000, avgReidentRisk to 1d
0, 1, 1, 0.04376723847965018, 22, 0.2674692819833735, 75000, avgReidentRisk to 1d
0, 1, 2, 0.04376723847965018, 22, 0.2674692819833735, 75000, avgReidentRisk to 1d
0, 1, 3, 0.033229184825607126, 30, 0.27100593051075617, 75000, avgReidentRisk to 1d
0, 1, 4, 0.009325470942953199, 107, 0.33112134353776246, 75000, avgReidentRisk to 1d
0, 1, 5, 0.00124, 806, 0.5874010519681996, 75000, avgReidentRisk to 1d
1, 0, 0, 0.020045405982905985, 49, 0.01366688311863995, 75000, avgReidentRisk to 1d
1, 0, 1, 0.020045405982905985, 49, 0.01366688311863995, 75000, avgReidentRisk to 1d
1, 0, 2, 0.020045405982905985, 49, 0.01366688311863995, 75000, avgReidentRisk to 1d
1, 0, 3, 0.014947683109118086, 66, 0.018118451049361495, 75000, avgReidentRisk to 1d
1, 0, 4, 0.003933962767376113, 254, 0.06905475924505211, 75000, avgReidentRisk to 1d
1, 0, 5, 5.066666666666667E-4, 1973, 0.27514815561966666, 75000, avgReidentRisk to 1d
1, 1, 0, 0.010547791764454875, 94, 0.27523562147775293, 75000, avgReidentRisk to 1d
1, 1, 1, 0.010547791764454875, 94, 0.27523562147775293, 75000, avgReidentRisk to 1d
1, 1, 2, 0.010547791764454875, 94, 0.27523562147775293, 75000, avgReidentRisk to 1d
1, 1, 3, 0.007813750066670223, 127, 0.2815982998996629, 75000, avgReidentRisk to 1d
1, 1, 4, 0.0020133601781357085, 496, 0.3467360724916084, 75000, avgReidentRisk to 1d
1, 1, 5, 2.5333333333333333E-4, 3947, 0.6065860029998416, 75000, avgReidentRisk to 1d
2, 0, 0, 0.011108147753033738, 90, 0.026928313142613458, 75000, avgReidentRisk to 1d
2, 0, 1, 0.011108147753033738, 90, 0.026928313142613458, 75000, avgReidentRisk to 1d
2, 0, 2, 0.011108147753033738, 90, 0.026928313142613458, 75000, avgReidentRisk to 1d
2, 0, 3, 0.00821399045256954, 121, 0.03203532207843285, 75000, avgReidentRisk to 1d
2, 0, 4, 0.002120028267043561, 471, 0.08444813953734354, 75000, avgReidentRisk to 1d
2, 0, 5, 2.666666666666667E-4, 3750, 0.29368487800099397, 75000, avgReidentRisk to 1d
2, 1, 0, 0.0056, 178, 0.29368487800099397, 75000, avgReidentRisk to 1d
2, 1, 1, 0.0056, 178, 0.29368487800099397, 75000, avgReidentRisk to 1d
2, 1, 2, 0.0056, 178, 0.29368487800099397, 75000, avgReidentRisk to 1d
2, 1, 3, 0.0041333333333333335, 241, 0.30018481808467357, 75000, avgReidentRisk to 1d
2, 1, 4, 0.0010666666666666667, 937, 0.3663026651450827, 75000, avgReidentRisk to 1d
2, 1, 5, 1.3333333333333334E-4, 7500, 0.6299408097241332, 75000, avgReidentRisk to 1d
3, 0, 0, 0.006627550340045339, 150, 0.05498409969375784, 75000, avgReidentRisk to 1d
3, 0, 1, 0.006627550340045339, 150, 0.05498409969375784, 75000, avgReidentRisk to 1d
3, 0, 2, 0.006627550340045339, 150, 0.05498409969375784, 75000, avgReidentRisk to 1d
3, 0, 3, 0.004907059231405179, 203, 0.06023187329361934, 75000, avgReidentRisk to 1d
3, 0, 4, 0.0012666835557807437, 789, 0.11407830711134648, 75000, avgReidentRisk to 1d
3, 0, 5, 1.6E-4, 6250, 0.32903236950156645, 75000, avgReidentRisk to 1d
3, 1, 0, 0.00336, 297, 0.32903236950156645, 75000, avgReidentRisk to 1d
3, 1, 1, 0.00336, 297, 0.32903236950156645, 75000, avgReidentRisk to 1d
3, 1, 2, 0.00336, 297, 0.32903236950156645, 75000, avgReidentRisk to 1d
3, 1, 3, 0.00248, 403, 0.33570990814944746, 75000, avgReidentRisk to 1d
3, 1, 4, 6.4E-4, 1562, 0.40363430027871083, 75000, avgReidentRisk to 1d
3, 1, 5, 8.0E-5, 12500, 0.6744758583266846, 75000, avgReidentRisk to 1d
4, 0, 0, 0.00112, 892, 0.2599210498948732, 75000, avgReidentRisk to 1d
4, 0, 1, 0.00112, 892, 0.2599210498948732, 75000, avgReidentRisk to 1d
4, 0, 2, 0.00112, 892, 0.2599210498948732, 75000, avgReidentRisk to 1d
4, 0, 3, 8.266666666666666E-4, 1209, 0.26625134831123676, 75000, avgReidentRisk to 1d
4, 0, 4, 2.1333333333333333E-4, 4687, 0.33064358841677155, 75000, avgReidentRisk to 1d
4, 0, 5, 2.6666666666666667E-5, 37500, 0.5874010519681996, 75000, avgReidentRisk to 1d
4, 1, 0, 5.6E-4, 1785, 0.5874010519681996, 75000, avgReidentRisk to 1d
4, 1, 1, 5.6E-4, 1785, 0.5874010519681996, 75000, avgReidentRisk to 1d
4, 1, 2, 5.6E-4, 1785, 0.5874010519681996, 75000, avgReidentRisk to 1d
4, 1, 3, 4.133333333333333E-4, 2419, 0.5953767281950924, 75000, avgReidentRisk to 1d
4, 1, 4, 1.0666666666666667E-4, 9375, 0.6765058669539405, 75000, avgReidentRisk to 1d
4, 1, 5, 1.3333333333333333E-5, 75000, 1.0, 75000, avgReidentRisk to 1d
0, 0, 0, 0.015373374836107413, 65, 0.012945496871662021, 100000, avgReidentRisk to 1d
0, 0, 1, 0.015373374836107413, 65, 0.012945496871662021, 100000, avgReidentRisk to 1d
0, 0, 2, 0.015373374836107413, 65, 0.012945496871662021, 100000, avgReidentRisk to 1d
0, 0, 3, 0.04730194017784964, 21, 0.015369421367692704, 100000, avgReidentRisk to 1d
0, 0, 4, 0.013658575662901545, 73, 0.057220164066080104, 100000, avgReidentRisk to 1d
0, 0, 5, 0.00186, 537, 0.2599210498948732, 100000, avgReidentRisk to 1d
0, 1, 0, 0.03432047865654382, 29, 0.2645784562180056, 100000, avgReidentRisk to 1d
0, 1, 1, 0.03432047865654382, 29, 0.2645784562180056, 100000, avgReidentRisk to 1d
0, 1, 2, 0.03432047865654382, 29, 0.2645784562180056, 100000, avgReidentRisk to 1d
0, 1, 3, 0.025860511791269445, 38, 0.2691322863704648, 100000, avgReidentRisk to 1d
0, 1, 4, 0.007182154646393918, 139, 0.3305530872822975, 100000, avgReidentRisk to 1d
0, 1, 5, 9.3E-4, 1075, 0.5874010519681996, 100000, avgReidentRisk to 1d
1, 0, 0, 0.015373374836107413, 65, 0.012945496871662021, 100000, avgReidentRisk to 1d
1, 0, 1, 0.015373374836107413, 65, 0.012945496871662021, 100000, avgReidentRisk to 1d
1, 0, 2, 0.015373374836107413, 65, 0.012945496871662021, 100000, avgReidentRisk to 1d
1, 0, 3, 0.011446295462504377, 87, 0.017678569048123816, 100000, avgReidentRisk to 1d
1, 0, 4, 0.0030101806108366502, 332, 0.06868603133329998, 100000, avgReidentRisk to 1d
1, 0, 5, 3.7999999999999997E-4, 2631, 0.27514815561966666, 100000, avgReidentRisk to 1d
1, 1, 0, 0.007970079700797009, 125, 0.27515635562042684, 100000, avgReidentRisk to 1d
1, 1, 1, 0.007970079700797009, 125, 0.27515635562042684, 100000, avgReidentRisk to 1d
1, 1, 2, 0.007970079700797009, 125, 0.27515635562042684, 100000, avgReidentRisk to 1d
1, 1, 3, 0.00589, 169, 0.2815102436252419, 100000, avgReidentRisk to 1d
1, 1, 4, 0.0015199999999999999, 657, 0.34638520197956635, 100000, avgReidentRisk to 1d
1, 1, 5, 1.8999999999999998E-4, 5263, 0.6065860029998416, 100000, avgReidentRisk to 1d
2, 0, 0, 0.008380251407542226, 119, 0.026827605727585357, 100000, avgReidentRisk to 1d
2, 0, 1, 0.008380251407542226, 119, 0.026827605727585357, 100000, avgReidentRisk to 1d
2, 0, 2, 0.008380251407542226, 119, 0.026827605727585357, 100000, avgReidentRisk to 1d
2, 0, 3, 0.006200000000000001, 161, 0.03192136622984654, 100000, avgReidentRisk to 1d
2, 0, 4, 0.0016, 625, 0.08416117936603884, 100000, avgReidentRisk to 1d
2, 0, 5, 2.0E-4, 5000, 0.29368487800099397, 100000, avgReidentRisk to 1d
2, 1, 0, 0.0042, 238, 0.29368487800099397, 100000, avgReidentRisk to 1d
2, 1, 1, 0.0042, 238, 0.29368487800099397, 100000, avgReidentRisk to 1d
2, 1, 2, 0.0042, 238, 0.29368487800099397, 100000, avgReidentRisk to 1d
2, 1, 3, 0.0031000000000000003, 322, 0.30013945114926033, 100000, avgReidentRisk to 1d
2, 1, 4, 8.0E-4, 1250, 0.36595749136212374, 100000, avgReidentRisk to 1d
2, 1, 5, 1.0E-4, 10000, 0.6299408097241332, 100000, avgReidentRisk to 1d
3, 0, 0, 0.005020150604518135, 199, 0.05487680318638799, 100000, avgReidentRisk to 1d
3, 0, 1, 0.005020150604518135, 199, 0.05487680318638799, 100000, avgReidentRisk to 1d
3, 0, 2, 0.005020150604518135, 199, 0.05487680318638799, 100000, avgReidentRisk to 1d
3, 0, 3, 0.00372, 268, 0.0601104044077041, 100000, avgReidentRisk to 1d
3, 0, 4, 9.599999999999999E-4, 1041, 0.11377725465650168, 100000, avgReidentRisk to 1d
3, 0, 5, 1.1999999999999999E-4, 8333, 0.3290245207388147, 100000, avgReidentRisk to 1d
3, 1, 0, 0.00252, 396, 0.3290245207388147, 100000, avgReidentRisk to 1d
3, 1, 1, 0.00252, 396, 0.3290245207388147, 100000, avgReidentRisk to 1d
3, 1, 2, 0.00252, 396, 0.3290245207388147, 100000, avgReidentRisk to 1d
3, 1, 3, 0.00186, 537, 0.33565541372583296, 100000, avgReidentRisk to 1d
3, 1, 4, 4.7999999999999996E-4, 2083, 0.40327140803584904, 100000, avgReidentRisk to 1d
3, 1, 5, 5.9999999999999995E-5, 16666, 0.6744659695052782, 100000, avgReidentRisk to 1d
4, 0, 0, 8.4E-4, 1190, 0.2599210498948732, 100000, avgReidentRisk to 1d
4, 0, 1, 8.4E-4, 1190, 0.2599210498948732, 100000, avgReidentRisk to 1d
4, 0, 2, 8.4E-4, 1190, 0.2599210498948732, 100000, avgReidentRisk to 1d
4, 0, 3, 6.2E-4, 1612, 0.26620716540559397, 100000, avgReidentRisk to 1d
4, 0, 4, 1.6E-4, 6250, 0.3303074233100929, 100000, avgReidentRisk to 1d
4, 0, 5, 2.0E-5, 50000, 0.5874010519681996, 100000, avgReidentRisk to 1d
4, 1, 0, 4.2E-4, 2380, 0.5874010519681996, 100000, avgReidentRisk to 1d
4, 1, 1, 4.2E-4, 2380, 0.5874010519681996, 100000, avgReidentRisk to 1d
4, 1, 2, 4.2E-4, 2380, 0.5874010519681996, 100000, avgReidentRisk to 1d
4, 1, 3, 3.1E-4, 3225, 0.5953210612222275, 100000, avgReidentRisk to 1d
4, 1, 4, 8.0E-5, 12500, 0.6760823254597959, 100000, avgReidentRisk to 1d
4, 1, 5, 1.0E-5, 100000, 1.0, 100000, avgReidentRisk to 1d
0, 0, 0, 0.034183478488243456, 29, 0.005659999933333326, 200000, avgReidentRisk to 1d
0, 0, 1, 0.034183478488243456, 29, 0.005659999933333326, 200000, avgReidentRisk to 1d
0, 0, 2, 0.034183478488243456, 29, 0.005659999933333326, 200000, avgReidentRisk to 1d
0, 0, 3, 0.025852640451129328, 38, 0.008400144783655028, 200000, avgReidentRisk to 1d
0, 0, 4, 0.007077618718926002, 141, 0.056320672432149665, 200000, avgReidentRisk to 1d
0, 0, 5, 9.3E-4, 1075, 0.2599210498948732, 200000, avgReidentRisk to 1d
0, 1, 0, 0.018397227897287986, 54, 0.2611638655201991, 200000, avgReidentRisk to 1d
0, 1, 1, 0.018397227897287986, 54, 0.2611638655201991, 200000, avgReidentRisk to 1d
0, 1, 2, 0.018397227897287986, 54, 0.2611638655201991, 200000, avgReidentRisk to 1d
0, 1, 3, 0.013746684681979681, 72, 0.2669505440195181, 200000, avgReidentRisk to 1d
0, 1, 4, 0.003620416347880006, 276, 0.33050931792967075, 200000, avgReidentRisk to 1d
0, 1, 5, 4.65E-4, 2150, 0.5874010519681996, 200000, avgReidentRisk to 1d
1, 0, 0, 0.007945476728603715, 125, 0.012145053869945022, 200000, avgReidentRisk to 1d
1, 0, 1, 0.007945476728603715, 125, 0.012145053869945022, 200000, avgReidentRisk to 1d
1, 0, 2, 0.007945476728603715, 125, 0.012145053869945022, 200000, avgReidentRisk to 1d
1, 0, 3, 0.0058553513210792656, 170, 0.01722042489332609, 200000, avgReidentRisk to 1d
1, 0, 4, 0.0015100151001510016, 662, 0.06872321985204288, 200000, avgReidentRisk to 1d
1, 0, 5, 1.8999999999999998E-4, 5263, 0.27514815561966666, 200000, avgReidentRisk to 1d
1, 1, 0, 0.00399, 250, 0.27514815561966666, 200000, avgReidentRisk to 1d
1, 1, 1, 0.00399, 250, 0.27514815561966666, 200000, avgReidentRisk to 1d
1, 1, 2, 0.00399, 250, 0.27514815561966666, 200000, avgReidentRisk to 1d
1, 1, 3, 0.002945, 339, 0.2815427295509936, 200000, avgReidentRisk to 1d
1, 1, 4, 7.599999999999999E-4, 1315, 0.346494410354121, 200000, avgReidentRisk to 1d
1, 1, 5, 9.499999999999999E-5, 10526, 0.6065860029998416, 200000, avgReidentRisk to 1d
2, 0, 0, 0.0042, 238, 0.02679836812706471, 200000, avgReidentRisk to 1d
2, 0, 1, 0.0042, 238, 0.02679836812706471, 200000, avgReidentRisk to 1d
2, 0, 2, 0.0042, 238, 0.02679836812706471, 200000, avgReidentRisk to 1d
2, 0, 3, 0.0031000000000000003, 322, 0.03194752514746102, 200000, avgReidentRisk to 1d
2, 0, 4, 8.0E-4, 1250, 0.0842491181520415, 200000, avgReidentRisk to 1d
2, 0, 5, 1.0E-4, 10000, 0.29368487800099397, 200000, avgReidentRisk to 1d
2, 1, 0, 0.0021, 476, 0.29368487800099397, 200000, avgReidentRisk to 1d
2, 1, 1, 0.0021, 476, 0.29368487800099397, 200000, avgReidentRisk to 1d
2, 1, 2, 0.0021, 476, 0.29368487800099397, 200000, avgReidentRisk to 1d
2, 1, 3, 0.0015500000000000002, 645, 0.30017240932020517, 200000, avgReidentRisk to 1d
2, 1, 4, 4.0E-4, 2500, 0.3660682872897105, 200000, avgReidentRisk to 1d
2, 1, 5, 5.0E-5, 20000, 0.6299408097241332, 200000, avgReidentRisk to 1d
3, 0, 0, 0.00252, 396, 0.05486051568918815, 200000, avgReidentRisk to 1d
3, 0, 1, 0.00252, 396, 0.05486051568918815, 200000, avgReidentRisk to 1d
3, 0, 2, 0.00252, 396, 0.05486051568918815, 200000, avgReidentRisk to 1d
3, 0, 3, 0.00186, 537, 0.060150397908038444, 200000, avgReidentRisk to 1d
3, 0, 4, 4.7999999999999996E-4, 2083, 0.11388138062162834, 200000, avgReidentRisk to 1d
3, 0, 5, 5.9999999999999995E-5, 16666, 0.32904096841976926, 200000, avgReidentRisk to 1d
3, 1, 0, 0.00126, 793, 0.32904096841976926, 200000, avgReidentRisk to 1d
3, 1, 1, 0.00126, 793, 0.32904096841976926, 200000, avgReidentRisk to 1d
3, 1, 2, 0.00126, 793, 0.32904096841976926, 200000, avgReidentRisk to 1d
3, 1, 3, 9.3E-4, 1075, 0.33570580237876335, 200000, avgReidentRisk to 1d
3, 1, 4, 2.3999999999999998E-4, 4166, 0.4034025985311529, 200000, avgReidentRisk to 1d
3, 1, 5, 2.9999999999999997E-5, 33333, 0.6744866922847348, 200000, avgReidentRisk to 1d
4, 0, 0, 4.2E-4, 2380, 0.2599210498948732, 200000, avgReidentRisk to 1d
4, 0, 1, 4.2E-4, 2380, 0.2599210498948732, 200000, avgReidentRisk to 1d
4, 0, 2, 4.2E-4, 2380, 0.2599210498948732, 200000, avgReidentRisk to 1d
4, 0, 3, 3.1E-4, 3225, 0.26623926340259896, 200000, avgReidentRisk to 1d
4, 0, 4, 8.0E-5, 12500, 0.33041532757934955, 200000, avgReidentRisk to 1d
4, 0, 5, 1.0E-5, 100000, 0.5874010519681996, 200000, avgReidentRisk to 1d
4, 1, 0, 2.1E-4, 4761, 0.5874010519681996, 200000, avgReidentRisk to 1d
4, 1, 1, 2.1E-4, 4761, 0.5874010519681996, 200000, avgReidentRisk to 1d
4, 1, 2, 2.1E-4, 4761, 0.5874010519681996, 200000, avgReidentRisk to 1d
4, 1, 3, 1.55E-4, 6451, 0.5953615021643135, 200000, avgReidentRisk to 1d
4, 1, 4, 4.0E-5, 25000, 0.676218276320006, 200000, avgReidentRisk to 1d
4, 1, 5, 5.0E-6, 200000, 1.0, 200000, avgReidentRisk to 1d
