Time-Stamp, Data-Prefix, Data-Size, Information loss, age2, agegrpK, sex, sexa, ppoint, Average-Risk, Lowest-Risk, Highest-Risk, Avg EquivClassSize, Max EquivClassSize, NumOfEquivClasses, NumOfRecordsSuppressedRecords, NumOfSuppressedRecords
2023-10-11 15:18:51.841, kiggs_, 3500, 0.09066511374639541, 0, -1, 0, -1, 0, 0.09428383705650459, 0.045454545454545456, 0.3333333333333333, 10, 22, 287, 3500, 456
2023-10-11 15:19:25.2, kiggs_, 3500, 0.09066511374639541, 0, -1, 0, -1, 0, 0.09428383705650459, 0.045454545454545456, 0.3333333333333333, 10, 22, 287, 3500, 456
2023-10-11 15:19:25.325, kiggs_, 3500, 0.07803513316820987, 0, -1, 0, -1, 1, 0.08872517616912236, 0.023255813953488372, 0.3333333333333333, 11, 43, 277, 3500, 378
2023-10-11 15:19:25.531, kiggs_, 3500, 0.03936080942244358, 0, -1, 0, -1, 2, 0.04507710557532621, 0.013888888888888888, 0.25, 22, 72, 152, 3500, 128
2023-10-11 15:19:25.615, kiggs_, 3500, 0.03863423580376413, 0, -1, 0, -1, 3, 0.011428571428571429, 0.007936507936507936, 0.022727272727272728, 87, 126, 40, 3500, 0
2023-10-11 15:19:25.684, kiggs_, 3500, 0.2599210498948732, 0, -1, 0, -1, 4, 0.005142857142857143, 0.00425531914893617, 0.006535947712418301, 194, 235, 18, 3500, 0
2023-10-11 15:19:25.85, kiggs_, 3500, 0.2599210498948732, 0, -1, 0, -1, 5, 0.005142857142857143, 0.00425531914893617, 0.006535947712418301, 194, 235, 18, 3500, 0
2023-10-11 15:19:26.126, kiggs_, 3500, 0.2599210498948732, 0, -1, 0, -1, 6, 0.005142857142857143, 0.00425531914893617, 0.006535947712418301, 194, 235, 18, 3500, 0
2023-10-11 15:19:26.175, kiggs_, 3500, 0.2599210498948732, 0, -1, 0, -1, 7, 0.005142857142857143, 0.00425531914893617, 0.006535947712418301, 194, 235, 18, 3500, 0
2023-10-11 15:19:26.276, kiggs_, 3500, 0.12544158461918942, 0, -1, 1, -1, 0, 0.04730928444707274, 0.025, 0.1, 21, 40, 160, 3500, 118
2023-10-11 15:19:26.321, kiggs_, 3500, 0.12240397425807714, 0, -1, 1, -1, 1, 0.04494712103407756, 0.012987012987012988, 0.1, 22, 77, 153, 3500, 96
2023-10-11 15:19:26.362, kiggs_, 3500, 0.11107935144295311, 0, -1, 1, -1, 2, 0.02342857142857143, 0.008, 0.1, 42, 125, 82, 3500, 0
2023-10-11 15:19:26.41, kiggs_, 3500, 0.13032954222468485, 0, -1, 1, -1, 3, 0.025648414985590777, 0.015384615384615385, 0.07142857142857142, 38, 65, 89, 3500, 30
2023-10-11 15:19:26.534, kiggs_, 3500, 0.3750688670741411, 0, -1, 1, -1, 4, 0.0025714285714285713, 0.00228310502283105, 0.0031645569620253164, 388, 438, 9, 3500, 0
2023-10-11 15:19:26.592, kiggs_, 3500, 0.3750688670741411, 0, -1, 1, -1, 5, 0.0025714285714285713, 0.00228310502283105, 0.0031645569620253164, 388, 438, 9, 3500, 0
2023-10-11 15:19:26.688, kiggs_, 3500, 0.3750688670741411, 0, -1, 1, -1, 6, 0.0025714285714285713, 0.00228310502283105, 0.0031645569620253164, 388, 438, 9, 3500, 0
2023-10-11 15:19:26.759, kiggs_, 3500, 0.3750688670741411, 0, -1, 1, -1, 7, 0.0025714285714285713, 0.00228310502283105, 0.0031645569620253164, 388, 438, 9, 3500, 0
2023-10-11 15:19:26.834, kiggs_, 3500, 0.09066511374639541, 1, -1, 0, -1, 0, 0.09428383705650459, 0.045454545454545456, 0.3333333333333333, 10, 22, 287, 3500, 456
2023-10-11 15:19:27.704, kiggs_, 3500, 0.07803513316820987, 1, -1, 0, -1, 1, 0.08872517616912236, 0.023255813953488372, 0.3333333333333333, 11, 43, 277, 3500, 378
2023-10-11 15:19:28.935, kiggs_, 3500, 0.03936080942244358, 1, -1, 0, -1, 2, 0.04507710557532621, 0.013888888888888888, 0.25, 22, 72, 152, 3500, 128
2023-10-11 15:19:30.385, kiggs_, 3500, 0.03863423580376413, 1, -1, 0, -1, 3, 0.011428571428571429, 0.007936507936507936, 0.022727272727272728, 87, 126, 40, 3500, 0
2023-10-11 15:19:30.513, kiggs_, 3500, 0.2599210498948732, 1, -1, 0, -1, 4, 0.005142857142857143, 0.00425531914893617, 0.006535947712418301, 194, 235, 18, 3500, 0
2023-10-11 15:19:30.631, kiggs_, 3500, 0.2599210498948732, 1, -1, 0, -1, 5, 0.005142857142857143, 0.00425531914893617, 0.006535947712418301, 194, 235, 18, 3500, 0
2023-10-11 15:19:30.707, kiggs_, 3500, 0.2599210498948732, 1, -1, 0, -1, 6, 0.005142857142857143, 0.00425531914893617, 0.006535947712418301, 194, 235, 18, 3500, 0
2023-10-11 15:19:30.782, kiggs_, 3500, 0.2599210498948732, 1, -1, 0, -1, 7, 0.005142857142857143, 0.00425531914893617, 0.006535947712418301, 194, 235, 18, 3500, 0
2023-10-11 15:19:30.826, kiggs_, 3500, 0.12544158461918942, 1, -1, 1, -1, 0, 0.04730928444707274, 0.025, 0.1, 21, 40, 160, 3500, 118
2023-10-11 15:19:30.877, kiggs_, 3500, 0.12240397425807714, 1, -1, 1, -1, 1, 0.04494712103407756, 0.012987012987012988, 0.1, 22, 77, 153, 3500, 96
2023-10-11 15:19:30.951, kiggs_, 3500, 0.11107935144295311, 1, -1, 1, -1, 2, 0.02342857142857143, 0.008, 0.1, 42, 125, 82, 3500, 0
2023-10-11 15:19:30.995, kiggs_, 3500, 0.13032954222468485, 1, -1, 1, -1, 3, 0.025648414985590777, 0.015384615384615385, 0.07142857142857142, 38, 65, 89, 3500, 30
2023-10-11 15:19:31.034, kiggs_, 3500, 0.3750688670741411, 1, -1, 1, -1, 4, 0.0025714285714285713, 0.00228310502283105, 0.0031645569620253164, 388, 438, 9, 3500, 0
2023-10-11 15:19:31.071, kiggs_, 3500, 0.3750688670741411, 1, -1, 1, -1, 5, 0.0025714285714285713, 0.00228310502283105, 0.0031645569620253164, 388, 438, 9, 3500, 0
2023-10-11 15:19:31.119, kiggs_, 3500, 0.3750688670741411, 1, -1, 1, -1, 6, 0.0025714285714285713, 0.00228310502283105, 0.0031645569620253164, 388, 438, 9, 3500, 0
2023-10-11 15:19:31.153, kiggs_, 3500, 0.3750688670741411, 1, -1, 1, -1, 7, 0.0025714285714285713, 0.00228310502283105, 0.0031645569620253164, 388, 438, 9, 3500, 0
2023-10-11 15:19:31.208, kiggs_, 3500, 0.09066511374639541, 2, -1, 0, -1, 0, 0.09428383705650459, 0.045454545454545456, 0.3333333333333333, 10, 22, 287, 3500, 456
2023-10-11 15:19:31.295, kiggs_, 3500, 0.07803513316820987, 2, -1, 0, -1, 1, 0.08872517616912236, 0.023255813953488372, 0.3333333333333333, 11, 43, 277, 3500, 378
2023-10-11 15:19:31.33, kiggs_, 3500, 0.03936080942244358, 2, -1, 0, -1, 2, 0.04507710557532621, 0.013888888888888888, 0.25, 22, 72, 152, 3500, 128
2023-10-11 15:19:31.378, kiggs_, 3500, 0.03863423580376413, 2, -1, 0, -1, 3, 0.011428571428571429, 0.007936507936507936, 0.022727272727272728, 87, 126, 40, 3500, 0
2023-10-11 15:19:31.425, kiggs_, 3500, 0.2599210498948732, 2, -1, 0, -1, 4, 0.005142857142857143, 0.00425531914893617, 0.006535947712418301, 194, 235, 18, 3500, 0
2023-10-11 15:19:31.458, kiggs_, 3500, 0.2599210498948732, 2, -1, 0, -1, 5, 0.005142857142857143, 0.00425531914893617, 0.006535947712418301, 194, 235, 18, 3500, 0
2023-10-11 15:19:31.49, kiggs_, 3500, 0.2599210498948732, 2, -1, 0, -1, 6, 0.005142857142857143, 0.00425531914893617, 0.006535947712418301, 194, 235, 18, 3500, 0
2023-10-11 15:19:31.792, kiggs_, 3500, 0.2599210498948732, 2, -1, 0, -1, 7, 0.005142857142857143, 0.00425531914893617, 0.006535947712418301, 194, 235, 18, 3500, 0
2023-10-11 15:19:31.941, kiggs_, 3500, 0.12544158461918942, 2, -1, 1, -1, 0, 0.04730928444707274, 0.025, 0.1, 21, 40, 160, 3500, 118
2023-10-11 15:19:31.985, kiggs_, 3500, 0.12240397425807714, 2, -1, 1, -1, 1, 0.04494712103407756, 0.012987012987012988, 0.1, 22, 77, 153, 3500, 96
2023-10-11 15:19:32.025, kiggs_, 3500, 0.11107935144295311, 2, -1, 1, -1, 2, 0.02342857142857143, 0.008, 0.1, 42, 125, 82, 3500, 0
2023-10-11 15:19:32.151, kiggs_, 3500, 0.13032954222468485, 2, -1, 1, -1, 3, 0.025648414985590777, 0.015384615384615385, 0.07142857142857142, 38, 65, 89, 3500, 30
2023-10-11 15:19:32.176, kiggs_, 3500, 0.3750688670741411, 2, -1, 1, -1, 4, 0.0025714285714285713, 0.00228310502283105, 0.0031645569620253164, 388, 438, 9, 3500, 0
2023-10-11 15:19:32.221, kiggs_, 3500, 0.3750688670741411, 2, -1, 1, -1, 5, 0.0025714285714285713, 0.00228310502283105, 0.0031645569620253164, 388, 438, 9, 3500, 0
2023-10-11 15:19:32.325, kiggs_, 3500, 0.3750688670741411, 2, -1, 1, -1, 6, 0.0025714285714285713, 0.00228310502283105, 0.0031645569620253164, 388, 438, 9, 3500, 0
2023-10-11 15:19:32.365, kiggs_, 3500, 0.3750688670741411, 2, -1, 1, -1, 7, 0.0025714285714285713, 0.00228310502283105, 0.0031645569620253164, 388, 438, 9, 3500, 0
2023-10-11 15:19:32.412, kiggs_, 3500, 0.09066511374639541, 3, -1, 0, -1, 0, 0.09428383705650459, 0.045454545454545456, 0.3333333333333333, 10, 22, 287, 3500, 456
2023-10-11 15:19:32.481, kiggs_, 3500, 0.07803513316820987, 3, -1, 0, -1, 1, 0.08872517616912236, 0.023255813953488372, 0.3333333333333333, 11, 43, 277, 3500, 378
2023-10-11 15:19:32.526, kiggs_, 3500, 0.03936080942244358, 3, -1, 0, -1, 2, 0.04507710557532621, 0.013888888888888888, 0.25, 22, 72, 152, 3500, 128
2023-10-11 15:19:32.615, kiggs_, 3500, 0.03863423580376413, 3, -1, 0, -1, 3, 0.011428571428571429, 0.007936507936507936, 0.022727272727272728, 87, 126, 40, 3500, 0
2023-10-11 15:19:32.648, kiggs_, 3500, 0.2599210498948732, 3, -1, 0, -1, 4, 0.005142857142857143, 0.00425531914893617, 0.006535947712418301, 194, 235, 18, 3500, 0
2023-10-11 15:19:32.703, kiggs_, 3500, 0.2599210498948732, 3, -1, 0, -1, 5, 0.005142857142857143, 0.00425531914893617, 0.006535947712418301, 194, 235, 18, 3500, 0
2023-10-11 15:19:33.044, kiggs_, 3500, 0.2599210498948732, 3, -1, 0, -1, 6, 0.005142857142857143, 0.00425531914893617, 0.006535947712418301, 194, 235, 18, 3500, 0
2023-10-11 15:19:33.094, kiggs_, 3500, 0.2599210498948732, 3, -1, 0, -1, 7, 0.005142857142857143, 0.00425531914893617, 0.006535947712418301, 194, 235, 18, 3500, 0
2023-10-11 15:19:33.126, kiggs_, 3500, 0.12544158461918942, 3, -1, 1, -1, 0, 0.04730928444707274, 0.025, 0.1, 21, 40, 160, 3500, 118
2023-10-11 15:19:33.161, kiggs_, 3500, 0.12240397425807714, 3, -1, 1, -1, 1, 0.04494712103407756, 0.012987012987012988, 0.1, 22, 77, 153, 3500, 96
2023-10-11 15:19:33.197, kiggs_, 3500, 0.11107935144295311, 3, -1, 1, -1, 2, 0.02342857142857143, 0.008, 0.1, 42, 125, 82, 3500, 0
2023-10-11 15:19:33.236, kiggs_, 3500, 0.13032954222468485, 3, -1, 1, -1, 3, 0.025648414985590777, 0.015384615384615385, 0.07142857142857142, 38, 65, 89, 3500, 30
2023-10-11 15:19:33.279, kiggs_, 3500, 0.3750688670741411, 3, -1, 1, -1, 4, 0.0025714285714285713, 0.00228310502283105, 0.0031645569620253164, 388, 438, 9, 3500, 0
2023-10-11 15:19:33.396, kiggs_, 3500, 0.3750688670741411, 3, -1, 1, -1, 5, 0.0025714285714285713, 0.00228310502283105, 0.0031645569620253164, 388, 438, 9, 3500, 0
2023-10-11 15:19:33.425, kiggs_, 3500, 0.3750688670741411, 3, -1, 1, -1, 6, 0.0025714285714285713, 0.00228310502283105, 0.0031645569620253164, 388, 438, 9, 3500, 0
2023-10-11 15:19:33.453, kiggs_, 3500, 0.3750688670741411, 3, -1, 1, -1, 7, 0.0025714285714285713, 0.00228310502283105, 0.0031645569620253164, 388, 438, 9, 3500, 0
2023-10-11 15:19:33.486, kiggs_, 3500, 0.09066511374639541, 4, -1, 0, -1, 0, 0.09428383705650459, 0.045454545454545456, 0.3333333333333333, 10, 22, 287, 3500, 456
2023-10-11 15:19:33.575, kiggs_, 3500, 0.07803513316820987, 4, -1, 0, -1, 1, 0.08872517616912236, 0.023255813953488372, 0.3333333333333333, 11, 43, 277, 3500, 378
2023-10-11 15:19:33.609, kiggs_, 3500, 0.03936080942244358, 4, -1, 0, -1, 2, 0.04507710557532621, 0.013888888888888888, 0.25, 22, 72, 152, 3500, 128
2023-10-11 15:19:33.645, kiggs_, 3500, 0.03863423580376413, 4, -1, 0, -1, 3, 0.011428571428571429, 0.007936507936507936, 0.022727272727272728, 87, 126, 40, 3500, 0
2023-10-11 15:19:33.678, kiggs_, 3500, 0.2599210498948732, 4, -1, 0, -1, 4, 0.005142857142857143, 0.00425531914893617, 0.006535947712418301, 194, 235, 18, 3500, 0
2023-10-11 15:19:33.707, kiggs_, 3500, 0.2599210498948732, 4, -1, 0, -1, 5, 0.005142857142857143, 0.00425531914893617, 0.006535947712418301, 194, 235, 18, 3500, 0
2023-10-11 15:19:33.771, kiggs_, 3500, 0.2599210498948732, 4, -1, 0, -1, 6, 0.005142857142857143, 0.00425531914893617, 0.006535947712418301, 194, 235, 18, 3500, 0
2023-10-11 15:19:33.8, kiggs_, 3500, 0.2599210498948732, 4, -1, 0, -1, 7, 0.005142857142857143, 0.00425531914893617, 0.006535947712418301, 194, 235, 18, 3500, 0
2023-10-11 15:19:34.172, kiggs_, 3500, 0.12544158461918942, 4, -1, 1, -1, 0, 0.04730928444707274, 0.025, 0.1, 21, 40, 160, 3500, 118
2023-10-11 15:19:34.219, kiggs_, 3500, 0.12240397425807714, 4, -1, 1, -1, 1, 0.04494712103407756, 0.012987012987012988, 0.1, 22, 77, 153, 3500, 96
2023-10-11 15:19:34.246, kiggs_, 3500, 0.11107935144295311, 4, -1, 1, -1, 2, 0.02342857142857143, 0.008, 0.1, 42, 125, 82, 3500, 0
2023-10-11 15:19:34.281, kiggs_, 3500, 0.13032954222468485, 4, -1, 1, -1, 3, 0.025648414985590777, 0.015384615384615385, 0.07142857142857142, 38, 65, 89, 3500, 30
2023-10-11 15:19:34.313, kiggs_, 3500, 0.3750688670741411, 4, -1, 1, -1, 4, 0.0025714285714285713, 0.00228310502283105, 0.0031645569620253164, 388, 438, 9, 3500, 0
2023-10-11 15:19:34.407, kiggs_, 3500, 0.3750688670741411, 4, -1, 1, -1, 5, 0.0025714285714285713, 0.00228310502283105, 0.0031645569620253164, 388, 438, 9, 3500, 0
2023-10-11 15:19:34.437, kiggs_, 3500, 0.3750688670741411, 4, -1, 1, -1, 6, 0.0025714285714285713, 0.00228310502283105, 0.0031645569620253164, 388, 438, 9, 3500, 0
2023-10-11 15:19:34.463, kiggs_, 3500, 0.3750688670741411, 4, -1, 1, -1, 7, 0.0025714285714285713, 0.00228310502283105, 0.0031645569620253164, 388, 438, 9, 3500, 0
2023-10-11 16:47:15.837, kiggs_, 3500, 0.09066511374639541, 0, -1, 0, -1, 0, 0.09428383705650459, 0.045454545454545456, 0.3333333333333333, 10, 22, 287, 3500, 456
2023-10-11 16:47:15.938, kiggs_, 3500, 0.07803513316820987, 0, -1, 0, -1, 1, 0.08872517616912236, 0.023255813953488372, 0.3333333333333333, 11, 43, 277, 3500, 378
2023-10-11 16:47:16.01, kiggs_, 3500, 0.03936080942244358, 0, -1, 0, -1, 2, 0.04507710557532621, 0.013888888888888888, 0.25, 22, 72, 152, 3500, 128
2023-10-11 16:47:16.078, kiggs_, 3500, 0.03863423580376413, 0, -1, 0, -1, 3, 0.011428571428571429, 0.007936507936507936, 0.022727272727272728, 87, 126, 40, 3500, 0
2023-10-11 16:47:16.155, kiggs_, 3500, 0.2599210498948732, 0, -1, 0, -1, 4, 0.005142857142857143, 0.00425531914893617, 0.006535947712418301, 194, 235, 18, 3500, 0
2023-10-11 16:47:16.216, kiggs_, 3500, 0.2599210498948732, 0, -1, 0, -1, 5, 0.005142857142857143, 0.00425531914893617, 0.006535947712418301, 194, 235, 18, 3500, 0
2023-10-11 16:47:16.267, kiggs_, 3500, 0.2599210498948732, 0, -1, 0, -1, 6, 0.005142857142857143, 0.00425531914893617, 0.006535947712418301, 194, 235, 18, 3500, 0
2023-10-11 16:47:16.394, kiggs_, 3500, 0.2599210498948732, 0, -1, 0, -1, 7, 0.005142857142857143, 0.00425531914893617, 0.006535947712418301, 194, 235, 18, 3500, 0
2023-10-11 16:47:16.495, kiggs_, 3500, 0.12544158461918942, 0, -1, 1, -1, 0, 0.04730928444707274, 0.025, 0.1, 21, 40, 160, 3500, 118
2023-10-11 16:47:16.765, kiggs_, 3500, 0.12240397425807714, 0, -1, 1, -1, 1, 0.04494712103407756, 0.012987012987012988, 0.1, 22, 77, 153, 3500, 96
2023-10-11 16:47:16.906, kiggs_, 3500, 0.11107935144295311, 0, -1, 1, -1, 2, 0.02342857142857143, 0.008, 0.1, 42, 125, 82, 3500, 0
2023-10-11 16:47:16.975, kiggs_, 3500, 0.13032954222468485, 0, -1, 1, -1, 3, 0.025648414985590777, 0.015384615384615385, 0.07142857142857142, 38, 65, 89, 3500, 30
2023-10-11 16:47:17.032, kiggs_, 3500, 0.3750688670741411, 0, -1, 1, -1, 4, 0.0025714285714285713, 0.00228310502283105, 0.0031645569620253164, 388, 438, 9, 3500, 0
2023-10-11 16:47:17.076, kiggs_, 3500, 0.3750688670741411, 0, -1, 1, -1, 5, 0.0025714285714285713, 0.00228310502283105, 0.0031645569620253164, 388, 438, 9, 3500, 0
2023-10-11 16:47:17.146, kiggs_, 3500, 0.3750688670741411, 0, -1, 1, -1, 6, 0.0025714285714285713, 0.00228310502283105, 0.0031645569620253164, 388, 438, 9, 3500, 0
2023-10-11 16:47:17.191, kiggs_, 3500, 0.3750688670741411, 0, -1, 1, -1, 7, 0.0025714285714285713, 0.00228310502283105, 0.0031645569620253164, 388, 438, 9, 3500, 0
2023-10-11 16:47:17.234, kiggs_, 3500, 0.09066511374639541, 1, -1, 0, -1, 0, 0.09428383705650459, 0.045454545454545456, 0.3333333333333333, 10, 22, 287, 3500, 456
2023-10-11 16:47:17.273, kiggs_, 3500, 0.07803513316820987, 1, -1, 0, -1, 1, 0.08872517616912236, 0.023255813953488372, 0.3333333333333333, 11, 43, 277, 3500, 378
2023-10-11 16:47:17.324, kiggs_, 3500, 0.03936080942244358, 1, -1, 0, -1, 2, 0.04507710557532621, 0.013888888888888888, 0.25, 22, 72, 152, 3500, 128
2023-10-11 16:47:17.354, kiggs_, 3500, 0.03863423580376413, 1, -1, 0, -1, 3, 0.011428571428571429, 0.007936507936507936, 0.022727272727272728, 87, 126, 40, 3500, 0
2023-10-11 16:47:17.392, kiggs_, 3500, 0.2599210498948732, 1, -1, 0, -1, 4, 0.005142857142857143, 0.00425531914893617, 0.006535947712418301, 194, 235, 18, 3500, 0
2023-10-11 16:47:17.43, kiggs_, 3500, 0.2599210498948732, 1, -1, 0, -1, 5, 0.005142857142857143, 0.00425531914893617, 0.006535947712418301, 194, 235, 18, 3500, 0
2023-10-11 16:47:17.473, kiggs_, 3500, 0.2599210498948732, 1, -1, 0, -1, 6, 0.005142857142857143, 0.00425531914893617, 0.006535947712418301, 194, 235, 18, 3500, 0
2023-10-11 16:47:17.505, kiggs_, 3500, 0.2599210498948732, 1, -1, 0, -1, 7, 0.005142857142857143, 0.00425531914893617, 0.006535947712418301, 194, 235, 18, 3500, 0
2023-10-11 16:47:17.554, kiggs_, 3500, 0.12544158461918942, 1, -1, 1, -1, 0, 0.04730928444707274, 0.025, 0.1, 21, 40, 160, 3500, 118
2023-10-11 16:47:17.602, kiggs_, 3500, 0.12240397425807714, 1, -1, 1, -1, 1, 0.04494712103407756, 0.012987012987012988, 0.1, 22, 77, 153, 3500, 96
2023-10-11 16:47:17.639, kiggs_, 3500, 0.11107935144295311, 1, -1, 1, -1, 2, 0.02342857142857143, 0.008, 0.1, 42, 125, 82, 3500, 0
2023-10-11 16:47:17.689, kiggs_, 3500, 0.13032954222468485, 1, -1, 1, -1, 3, 0.025648414985590777, 0.015384615384615385, 0.07142857142857142, 38, 65, 89, 3500, 30
2023-10-11 16:47:18.096, kiggs_, 3500, 0.3750688670741411, 1, -1, 1, -1, 4, 0.0025714285714285713, 0.00228310502283105, 0.0031645569620253164, 388, 438, 9, 3500, 0
2023-10-11 16:47:18.149, kiggs_, 3500, 0.3750688670741411, 1, -1, 1, -1, 5, 0.0025714285714285713, 0.00228310502283105, 0.0031645569620253164, 388, 438, 9, 3500, 0
2023-10-11 16:47:18.188, kiggs_, 3500, 0.3750688670741411, 1, -1, 1, -1, 6, 0.0025714285714285713, 0.00228310502283105, 0.0031645569620253164, 388, 438, 9, 3500, 0
2023-10-11 16:47:18.241, kiggs_, 3500, 0.3750688670741411, 1, -1, 1, -1, 7, 0.0025714285714285713, 0.00228310502283105, 0.0031645569620253164, 388, 438, 9, 3500, 0
2023-10-11 16:47:18.297, kiggs_, 3500, 0.09066511374639541, 2, -1, 0, -1, 0, 0.09428383705650459, 0.045454545454545456, 0.3333333333333333, 10, 22, 287, 3500, 456
2023-10-11 16:47:18.421, kiggs_, 3500, 0.07803513316820987, 2, -1, 0, -1, 1, 0.08872517616912236, 0.023255813953488372, 0.3333333333333333, 11, 43, 277, 3500, 378
2023-10-11 16:47:18.586, kiggs_, 3500, 0.03936080942244358, 2, -1, 0, -1, 2, 0.04507710557532621, 0.013888888888888888, 0.25, 22, 72, 152, 3500, 128
2023-10-11 16:47:18.672, kiggs_, 3500, 0.03863423580376413, 2, -1, 0, -1, 3, 0.011428571428571429, 0.007936507936507936, 0.022727272727272728, 87, 126, 40, 3500, 0
2023-10-11 16:47:18.708, kiggs_, 3500, 0.2599210498948732, 2, -1, 0, -1, 4, 0.005142857142857143, 0.00425531914893617, 0.006535947712418301, 194, 235, 18, 3500, 0
2023-10-11 16:47:18.79, kiggs_, 3500, 0.2599210498948732, 2, -1, 0, -1, 5, 0.005142857142857143, 0.00425531914893617, 0.006535947712418301, 194, 235, 18, 3500, 0
2023-10-11 16:47:18.821, kiggs_, 3500, 0.2599210498948732, 2, -1, 0, -1, 6, 0.005142857142857143, 0.00425531914893617, 0.006535947712418301, 194, 235, 18, 3500, 0
2023-10-11 16:47:18.902, kiggs_, 3500, 0.2599210498948732, 2, -1, 0, -1, 7, 0.005142857142857143, 0.00425531914893617, 0.006535947712418301, 194, 235, 18, 3500, 0
2023-10-11 16:47:18.93, kiggs_, 3500, 0.12544158461918942, 2, -1, 1, -1, 0, 0.04730928444707274, 0.025, 0.1, 21, 40, 160, 3500, 118
2023-10-11 16:47:18.956, kiggs_, 3500, 0.12240397425807714, 2, -1, 1, -1, 1, 0.04494712103407756, 0.012987012987012988, 0.1, 22, 77, 153, 3500, 96
2023-10-11 16:47:18.988, kiggs_, 3500, 0.11107935144295311, 2, -1, 1, -1, 2, 0.02342857142857143, 0.008, 0.1, 42, 125, 82, 3500, 0
2023-10-11 16:47:19.013, kiggs_, 3500, 0.13032954222468485, 2, -1, 1, -1, 3, 0.025648414985590777, 0.015384615384615385, 0.07142857142857142, 38, 65, 89, 3500, 30
2023-10-11 16:47:19.078, kiggs_, 3500, 0.3750688670741411, 2, -1, 1, -1, 4, 0.0025714285714285713, 0.00228310502283105, 0.0031645569620253164, 388, 438, 9, 3500, 0
2023-10-11 16:47:19.221, kiggs_, 3500, 0.3750688670741411, 2, -1, 1, -1, 5, 0.0025714285714285713, 0.00228310502283105, 0.0031645569620253164, 388, 438, 9, 3500, 0
2023-10-11 16:47:19.307, kiggs_, 3500, 0.3750688670741411, 2, -1, 1, -1, 6, 0.0025714285714285713, 0.00228310502283105, 0.0031645569620253164, 388, 438, 9, 3500, 0
2023-10-11 16:47:19.381, kiggs_, 3500, 0.3750688670741411, 2, -1, 1, -1, 7, 0.0025714285714285713, 0.00228310502283105, 0.0031645569620253164, 388, 438, 9, 3500, 0
2023-10-11 16:47:19.415, kiggs_, 3500, 0.09066511374639541, 3, -1, 0, -1, 0, 0.09428383705650459, 0.045454545454545456, 0.3333333333333333, 10, 22, 287, 3500, 456
2023-10-11 16:47:19.462, kiggs_, 3500, 0.07803513316820987, 3, -1, 0, -1, 1, 0.08872517616912236, 0.023255813953488372, 0.3333333333333333, 11, 43, 277, 3500, 378
2023-10-11 16:47:19.537, kiggs_, 3500, 0.03936080942244358, 3, -1, 0, -1, 2, 0.04507710557532621, 0.013888888888888888, 0.25, 22, 72, 152, 3500, 128
2023-10-11 16:47:19.605, kiggs_, 3500, 0.03863423580376413, 3, -1, 0, -1, 3, 0.011428571428571429, 0.007936507936507936, 0.022727272727272728, 87, 126, 40, 3500, 0
2023-10-11 16:47:19.636, kiggs_, 3500, 0.2599210498948732, 3, -1, 0, -1, 4, 0.005142857142857143, 0.00425531914893617, 0.006535947712418301, 194, 235, 18, 3500, 0
2023-10-11 16:47:19.708, kiggs_, 3500, 0.2599210498948732, 3, -1, 0, -1, 5, 0.005142857142857143, 0.00425531914893617, 0.006535947712418301, 194, 235, 18, 3500, 0
2023-10-11 16:47:19.77, kiggs_, 3500, 0.2599210498948732, 3, -1, 0, -1, 6, 0.005142857142857143, 0.00425531914893617, 0.006535947712418301, 194, 235, 18, 3500, 0
2023-10-11 16:47:19.986, kiggs_, 3500, 0.2599210498948732, 3, -1, 0, -1, 7, 0.005142857142857143, 0.00425531914893617, 0.006535947712418301, 194, 235, 18, 3500, 0
2023-10-11 16:47:20.037, kiggs_, 3500, 0.12544158461918942, 3, -1, 1, -1, 0, 0.04730928444707274, 0.025, 0.1, 21, 40, 160, 3500, 118
2023-10-11 16:47:20.113, kiggs_, 3500, 0.12240397425807714, 3, -1, 1, -1, 1, 0.04494712103407756, 0.012987012987012988, 0.1, 22, 77, 153, 3500, 96
2023-10-11 16:47:20.415, kiggs_, 3500, 0.11107935144295311, 3, -1, 1, -1, 2, 0.02342857142857143, 0.008, 0.1, 42, 125, 82, 3500, 0
2023-10-11 16:47:20.501, kiggs_, 3500, 0.13032954222468485, 3, -1, 1, -1, 3, 0.025648414985590777, 0.015384615384615385, 0.07142857142857142, 38, 65, 89, 3500, 30
2023-10-11 16:47:20.537, kiggs_, 3500, 0.3750688670741411, 3, -1, 1, -1, 4, 0.0025714285714285713, 0.00228310502283105, 0.0031645569620253164, 388, 438, 9, 3500, 0
2023-10-11 16:47:20.571, kiggs_, 3500, 0.3750688670741411, 3, -1, 1, -1, 5, 0.0025714285714285713, 0.00228310502283105, 0.0031645569620253164, 388, 438, 9, 3500, 0
2023-10-11 16:47:20.678, kiggs_, 3500, 0.3750688670741411, 3, -1, 1, -1, 6, 0.0025714285714285713, 0.00228310502283105, 0.0031645569620253164, 388, 438, 9, 3500, 0
2023-10-11 16:47:20.87, kiggs_, 3500, 0.3750688670741411, 3, -1, 1, -1, 7, 0.0025714285714285713, 0.00228310502283105, 0.0031645569620253164, 388, 438, 9, 3500, 0
2023-10-11 16:47:20.93, kiggs_, 3500, 0.09066511374639541, 4, -1, 0, -1, 0, 0.09428383705650459, 0.045454545454545456, 0.3333333333333333, 10, 22, 287, 3500, 456
2023-10-11 16:47:21.03, kiggs_, 3500, 0.07803513316820987, 4, -1, 0, -1, 1, 0.08872517616912236, 0.023255813953488372, 0.3333333333333333, 11, 43, 277, 3500, 378
2023-10-11 16:47:21.18, kiggs_, 3500, 0.03936080942244358, 4, -1, 0, -1, 2, 0.04507710557532621, 0.013888888888888888, 0.25, 22, 72, 152, 3500, 128
2023-10-11 16:47:21.253, kiggs_, 3500, 0.03863423580376413, 4, -1, 0, -1, 3, 0.011428571428571429, 0.007936507936507936, 0.022727272727272728, 87, 126, 40, 3500, 0
2023-10-11 16:47:21.291, kiggs_, 3500, 0.2599210498948732, 4, -1, 0, -1, 4, 0.005142857142857143, 0.00425531914893617, 0.006535947712418301, 194, 235, 18, 3500, 0
2023-10-11 16:47:21.32, kiggs_, 3500, 0.2599210498948732, 4, -1, 0, -1, 5, 0.005142857142857143, 0.00425531914893617, 0.006535947712418301, 194, 235, 18, 3500, 0
2023-10-11 16:47:21.341, kiggs_, 3500, 0.2599210498948732, 4, -1, 0, -1, 6, 0.005142857142857143, 0.00425531914893617, 0.006535947712418301, 194, 235, 18, 3500, 0
2023-10-11 16:47:21.477, kiggs_, 3500, 0.2599210498948732, 4, -1, 0, -1, 7, 0.005142857142857143, 0.00425531914893617, 0.006535947712418301, 194, 235, 18, 3500, 0
2023-10-11 16:47:21.623, kiggs_, 3500, 0.12544158461918942, 4, -1, 1, -1, 0, 0.04730928444707274, 0.025, 0.1, 21, 40, 160, 3500, 118
2023-10-11 16:47:21.639, kiggs_, 3500, 0.12240397425807714, 4, -1, 1, -1, 1, 0.04494712103407756, 0.012987012987012988, 0.1, 22, 77, 153, 3500, 96
2023-10-11 16:47:21.668, kiggs_, 3500, 0.11107935144295311, 4, -1, 1, -1, 2, 0.02342857142857143, 0.008, 0.1, 42, 125, 82, 3500, 0
2023-10-11 16:47:21.692, kiggs_, 3500, 0.13032954222468485, 4, -1, 1, -1, 3, 0.025648414985590777, 0.015384615384615385, 0.07142857142857142, 38, 65, 89, 3500, 30
2023-10-11 16:47:21.754, kiggs_, 3500, 0.3750688670741411, 4, -1, 1, -1, 4, 0.0025714285714285713, 0.00228310502283105, 0.0031645569620253164, 388, 438, 9, 3500, 0
2023-10-11 16:47:21.782, kiggs_, 3500, 0.3750688670741411, 4, -1, 1, -1, 5, 0.0025714285714285713, 0.00228310502283105, 0.0031645569620253164, 388, 438, 9, 3500, 0
2023-10-11 16:47:21.822, kiggs_, 3500, 0.3750688670741411, 4, -1, 1, -1, 6, 0.0025714285714285713, 0.00228310502283105, 0.0031645569620253164, 388, 438, 9, 3500, 0
2023-10-11 16:47:21.864, kiggs_, 3500, 0.3750688670741411, 4, -1, 1, -1, 7, 0.0025714285714285713, 0.00228310502283105, 0.0031645569620253164, 388, 438, 9, 3500, 0
2023-10-12 11:01:30.06, kiggs_, 3500, 0.09066511374639541, 0, -1, 0, -1, 0, 0.09428383705650459, 0.045454545454545456, 0.3333333333333333, 10, 22, 287, 3500, 456
2023-10-12 11:01:30.171, kiggs_, 3500, 0.07803513316820987, 0, -1, 0, -1, 1, 0.08872517616912236, 0.023255813953488372, 0.3333333333333333, 11, 43, 277, 3500, 378
2023-10-12 11:01:30.257, kiggs_, 3500, 0.03936080942244358, 0, -1, 0, -1, 2, 0.04507710557532621, 0.013888888888888888, 0.25, 22, 72, 152, 3500, 128
2023-10-12 11:01:30.328, kiggs_, 3500, 0.03863423580376413, 0, -1, 0, -1, 3, 0.011428571428571429, 0.007936507936507936, 0.022727272727272728, 87, 126, 40, 3500, 0
2023-10-12 11:01:30.53, kiggs_, 3500, 0.2599210498948732, 0, -1, 0, -1, 4, 0.005142857142857143, 0.00425531914893617, 0.006535947712418301, 194, 235, 18, 3500, 0
2023-10-12 11:01:30.66, kiggs_, 3500, 0.2599210498948732, 0, -1, 0, -1, 5, 0.005142857142857143, 0.00425531914893617, 0.006535947712418301, 194, 235, 18, 3500, 0
2023-10-12 11:01:30.711, kiggs_, 3500, 0.2599210498948732, 0, -1, 0, -1, 6, 0.005142857142857143, 0.00425531914893617, 0.006535947712418301, 194, 235, 18, 3500, 0
2023-10-12 11:01:30.805, kiggs_, 3500, 0.2599210498948732, 0, -1, 0, -1, 7, 0.005142857142857143, 0.00425531914893617, 0.006535947712418301, 194, 235, 18, 3500, 0
2023-10-12 11:01:30.857, kiggs_, 3500, 0.12544158461918942, 0, -1, 1, -1, 0, 0.04730928444707274, 0.025, 0.1, 21, 40, 160, 3500, 118
2023-10-12 11:01:31.226, kiggs_, 3500, 0.12240397425807714, 0, -1, 1, -1, 1, 0.04494712103407756, 0.012987012987012988, 0.1, 22, 77, 153, 3500, 96
2023-10-12 11:01:31.284, kiggs_, 3500, 0.11107935144295311, 0, -1, 1, -1, 2, 0.02342857142857143, 0.008, 0.1, 42, 125, 82, 3500, 0
2023-10-12 11:01:31.365, kiggs_, 3500, 0.13032954222468485, 0, -1, 1, -1, 3, 0.025648414985590777, 0.015384615384615385, 0.07142857142857142, 38, 65, 89, 3500, 30
2023-10-12 11:01:31.405, kiggs_, 3500, 0.3750688670741411, 0, -1, 1, -1, 4, 0.0025714285714285713, 0.00228310502283105, 0.0031645569620253164, 388, 438, 9, 3500, 0
2023-10-12 11:01:31.485, kiggs_, 3500, 0.3750688670741411, 0, -1, 1, -1, 5, 0.0025714285714285713, 0.00228310502283105, 0.0031645569620253164, 388, 438, 9, 3500, 0
2023-10-12 11:01:31.552, kiggs_, 3500, 0.3750688670741411, 0, -1, 1, -1, 6, 0.0025714285714285713, 0.00228310502283105, 0.0031645569620253164, 388, 438, 9, 3500, 0
2023-10-12 11:01:31.743, kiggs_, 3500, 0.3750688670741411, 0, -1, 1, -1, 7, 0.0025714285714285713, 0.00228310502283105, 0.0031645569620253164, 388, 438, 9, 3500, 0
2023-10-12 11:01:31.865, kiggs_, 3500, 0.09066511374639541, 1, -1, 0, -1, 0, 0.09428383705650459, 0.045454545454545456, 0.3333333333333333, 10, 22, 287, 3500, 456
2023-10-12 11:01:32.029, kiggs_, 3500, 0.07803513316820987, 1, -1, 0, -1, 1, 0.08872517616912236, 0.023255813953488372, 0.3333333333333333, 11, 43, 277, 3500, 378
2023-10-12 11:01:32.074, kiggs_, 3500, 0.03936080942244358, 1, -1, 0, -1, 2, 0.04507710557532621, 0.013888888888888888, 0.25, 22, 72, 152, 3500, 128
2023-10-12 11:01:32.214, kiggs_, 3500, 0.03863423580376413, 1, -1, 0, -1, 3, 0.011428571428571429, 0.007936507936507936, 0.022727272727272728, 87, 126, 40, 3500, 0
2023-10-12 11:01:32.245, kiggs_, 3500, 0.2599210498948732, 1, -1, 0, -1, 4, 0.005142857142857143, 0.00425531914893617, 0.006535947712418301, 194, 235, 18, 3500, 0
2023-10-12 11:01:32.308, kiggs_, 3500, 0.2599210498948732, 1, -1, 0, -1, 5, 0.005142857142857143, 0.00425531914893617, 0.006535947712418301, 194, 235, 18, 3500, 0
2023-10-12 11:01:32.415, kiggs_, 3500, 0.2599210498948732, 1, -1, 0, -1, 6, 0.005142857142857143, 0.00425531914893617, 0.006535947712418301, 194, 235, 18, 3500, 0
2023-10-12 11:01:32.487, kiggs_, 3500, 0.2599210498948732, 1, -1, 0, -1, 7, 0.005142857142857143, 0.00425531914893617, 0.006535947712418301, 194, 235, 18, 3500, 0
2023-10-12 11:01:32.555, kiggs_, 3500, 0.12544158461918942, 1, -1, 1, -1, 0, 0.04730928444707274, 0.025, 0.1, 21, 40, 160, 3500, 118
2023-10-12 11:01:32.589, kiggs_, 3500, 0.12240397425807714, 1, -1, 1, -1, 1, 0.04494712103407756, 0.012987012987012988, 0.1, 22, 77, 153, 3500, 96
2023-10-12 11:01:32.648, kiggs_, 3500, 0.11107935144295311, 1, -1, 1, -1, 2, 0.02342857142857143, 0.008, 0.1, 42, 125, 82, 3500, 0
2023-10-12 11:01:32.713, kiggs_, 3500, 0.13032954222468485, 1, -1, 1, -1, 3, 0.025648414985590777, 0.015384615384615385, 0.07142857142857142, 38, 65, 89, 3500, 30
2023-10-12 11:01:33.041, kiggs_, 3500, 0.3750688670741411, 1, -1, 1, -1, 4, 0.0025714285714285713, 0.00228310502283105, 0.0031645569620253164, 388, 438, 9, 3500, 0
2023-10-12 11:01:33.209, kiggs_, 3500, 0.3750688670741411, 1, -1, 1, -1, 5, 0.0025714285714285713, 0.00228310502283105, 0.0031645569620253164, 388, 438, 9, 3500, 0
2023-10-12 11:01:33.251, kiggs_, 3500, 0.3750688670741411, 1, -1, 1, -1, 6, 0.0025714285714285713, 0.00228310502283105, 0.0031645569620253164, 388, 438, 9, 3500, 0
2023-10-12 11:01:33.295, kiggs_, 3500, 0.3750688670741411, 1, -1, 1, -1, 7, 0.0025714285714285713, 0.00228310502283105, 0.0031645569620253164, 388, 438, 9, 3500, 0
2023-10-12 11:01:33.35, kiggs_, 3500, 0.09066511374639541, 2, -1, 0, -1, 0, 0.09428383705650459, 0.045454545454545456, 0.3333333333333333, 10, 22, 287, 3500, 456
2023-10-12 11:01:33.394, kiggs_, 3500, 0.07803513316820987, 2, -1, 0, -1, 1, 0.08872517616912236, 0.023255813953488372, 0.3333333333333333, 11, 43, 277, 3500, 378
2023-10-12 11:01:33.442, kiggs_, 3500, 0.03936080942244358, 2, -1, 0, -1, 2, 0.04507710557532621, 0.013888888888888888, 0.25, 22, 72, 152, 3500, 128
2023-10-12 11:01:33.484, kiggs_, 3500, 0.03863423580376413, 2, -1, 0, -1, 3, 0.011428571428571429, 0.007936507936507936, 0.022727272727272728, 87, 126, 40, 3500, 0
2023-10-12 11:01:33.554, kiggs_, 3500, 0.2599210498948732, 2, -1, 0, -1, 4, 0.005142857142857143, 0.00425531914893617, 0.006535947712418301, 194, 235, 18, 3500, 0
2023-10-12 11:01:33.594, kiggs_, 3500, 0.2599210498948732, 2, -1, 0, -1, 5, 0.005142857142857143, 0.00425531914893617, 0.006535947712418301, 194, 235, 18, 3500, 0
2023-10-12 11:01:33.643, kiggs_, 3500, 0.2599210498948732, 2, -1, 0, -1, 6, 0.005142857142857143, 0.00425531914893617, 0.006535947712418301, 194, 235, 18, 3500, 0
2023-10-12 11:01:33.694, kiggs_, 3500, 0.2599210498948732, 2, -1, 0, -1, 7, 0.005142857142857143, 0.00425531914893617, 0.006535947712418301, 194, 235, 18, 3500, 0
2023-10-12 11:01:33.735, kiggs_, 3500, 0.12544158461918942, 2, -1, 1, -1, 0, 0.04730928444707274, 0.025, 0.1, 21, 40, 160, 3500, 118
2023-10-12 11:01:33.784, kiggs_, 3500, 0.12240397425807714, 2, -1, 1, -1, 1, 0.04494712103407756, 0.012987012987012988, 0.1, 22, 77, 153, 3500, 96
2023-10-12 11:01:33.837, kiggs_, 3500, 0.11107935144295311, 2, -1, 1, -1, 2, 0.02342857142857143, 0.008, 0.1, 42, 125, 82, 3500, 0
2023-10-12 11:01:34.246, kiggs_, 3500, 0.13032954222468485, 2, -1, 1, -1, 3, 0.025648414985590777, 0.015384615384615385, 0.07142857142857142, 38, 65, 89, 3500, 30
2023-10-12 11:01:34.276, kiggs_, 3500, 0.3750688670741411, 2, -1, 1, -1, 4, 0.0025714285714285713, 0.00228310502283105, 0.0031645569620253164, 388, 438, 9, 3500, 0
2023-10-12 11:01:34.313, kiggs_, 3500, 0.3750688670741411, 2, -1, 1, -1, 5, 0.0025714285714285713, 0.00228310502283105, 0.0031645569620253164, 388, 438, 9, 3500, 0
2023-10-12 11:01:34.352, kiggs_, 3500, 0.3750688670741411, 2, -1, 1, -1, 6, 0.0025714285714285713, 0.00228310502283105, 0.0031645569620253164, 388, 438, 9, 3500, 0
2023-10-12 11:01:34.395, kiggs_, 3500, 0.3750688670741411, 2, -1, 1, -1, 7, 0.0025714285714285713, 0.00228310502283105, 0.0031645569620253164, 388, 438, 9, 3500, 0
2023-10-12 11:01:34.44, kiggs_, 3500, 0.09066511374639541, 3, -1, 0, -1, 0, 0.09428383705650459, 0.045454545454545456, 0.3333333333333333, 10, 22, 287, 3500, 456
2023-10-12 11:01:34.48, kiggs_, 3500, 0.07803513316820987, 3, -1, 0, -1, 1, 0.08872517616912236, 0.023255813953488372, 0.3333333333333333, 11, 43, 277, 3500, 378
2023-10-12 11:01:34.509, kiggs_, 3500, 0.03936080942244358, 3, -1, 0, -1, 2, 0.04507710557532621, 0.013888888888888888, 0.25, 22, 72, 152, 3500, 128
2023-10-12 11:01:34.544, kiggs_, 3500, 0.03863423580376413, 3, -1, 0, -1, 3, 0.011428571428571429, 0.007936507936507936, 0.022727272727272728, 87, 126, 40, 3500, 0
2023-10-12 11:01:34.574, kiggs_, 3500, 0.2599210498948732, 3, -1, 0, -1, 4, 0.005142857142857143, 0.00425531914893617, 0.006535947712418301, 194, 235, 18, 3500, 0
2023-10-12 11:01:34.634, kiggs_, 3500, 0.2599210498948732, 3, -1, 0, -1, 5, 0.005142857142857143, 0.00425531914893617, 0.006535947712418301, 194, 235, 18, 3500, 0
2023-10-12 11:01:34.737, kiggs_, 3500, 0.2599210498948732, 3, -1, 0, -1, 6, 0.005142857142857143, 0.00425531914893617, 0.006535947712418301, 194, 235, 18, 3500, 0
2023-10-12 11:01:34.776, kiggs_, 3500, 0.2599210498948732, 3, -1, 0, -1, 7, 0.005142857142857143, 0.00425531914893617, 0.006535947712418301, 194, 235, 18, 3500, 0
2023-10-12 11:01:34.859, kiggs_, 3500, 0.12544158461918942, 3, -1, 1, -1, 0, 0.04730928444707274, 0.025, 0.1, 21, 40, 160, 3500, 118
2023-10-12 11:01:34.906, kiggs_, 3500, 0.12240397425807714, 3, -1, 1, -1, 1, 0.04494712103407756, 0.012987012987012988, 0.1, 22, 77, 153, 3500, 96
2023-10-12 11:01:34.948, kiggs_, 3500, 0.11107935144295311, 3, -1, 1, -1, 2, 0.02342857142857143, 0.008, 0.1, 42, 125, 82, 3500, 0
2023-10-12 11:01:34.985, kiggs_, 3500, 0.13032954222468485, 3, -1, 1, -1, 3, 0.025648414985590777, 0.015384615384615385, 0.07142857142857142, 38, 65, 89, 3500, 30
2023-10-12 11:01:35.026, kiggs_, 3500, 0.3750688670741411, 3, -1, 1, -1, 4, 0.0025714285714285713, 0.00228310502283105, 0.0031645569620253164, 388, 438, 9, 3500, 0
2023-10-12 11:01:35.071, kiggs_, 3500, 0.3750688670741411, 3, -1, 1, -1, 5, 0.0025714285714285713, 0.00228310502283105, 0.0031645569620253164, 388, 438, 9, 3500, 0
2023-10-12 11:01:35.121, kiggs_, 3500, 0.3750688670741411, 3, -1, 1, -1, 6, 0.0025714285714285713, 0.00228310502283105, 0.0031645569620253164, 388, 438, 9, 3500, 0
2023-10-12 11:01:35.313, kiggs_, 3500, 0.3750688670741411, 3, -1, 1, -1, 7, 0.0025714285714285713, 0.00228310502283105, 0.0031645569620253164, 388, 438, 9, 3500, 0
2023-10-12 11:01:35.367, kiggs_, 3500, 0.09066511374639541, 4, -1, 0, -1, 0, 0.09428383705650459, 0.045454545454545456, 0.3333333333333333, 10, 22, 287, 3500, 456
2023-10-12 11:01:35.43, kiggs_, 3500, 0.07803513316820987, 4, -1, 0, -1, 1, 0.08872517616912236, 0.023255813953488372, 0.3333333333333333, 11, 43, 277, 3500, 378
2023-10-12 11:01:35.467, kiggs_, 3500, 0.03936080942244358, 4, -1, 0, -1, 2, 0.04507710557532621, 0.013888888888888888, 0.25, 22, 72, 152, 3500, 128
2023-10-12 11:01:35.504, kiggs_, 3500, 0.03863423580376413, 4, -1, 0, -1, 3, 0.011428571428571429, 0.007936507936507936, 0.022727272727272728, 87, 126, 40, 3500, 0
2023-10-12 11:01:35.547, kiggs_, 3500, 0.2599210498948732, 4, -1, 0, -1, 4, 0.005142857142857143, 0.00425531914893617, 0.006535947712418301, 194, 235, 18, 3500, 0
2023-10-12 11:01:35.607, kiggs_, 3500, 0.2599210498948732, 4, -1, 0, -1, 5, 0.005142857142857143, 0.00425531914893617, 0.006535947712418301, 194, 235, 18, 3500, 0
2023-10-12 11:01:35.632, kiggs_, 3500, 0.2599210498948732, 4, -1, 0, -1, 6, 0.005142857142857143, 0.00425531914893617, 0.006535947712418301, 194, 235, 18, 3500, 0
2023-10-12 11:01:35.87, kiggs_, 3500, 0.2599210498948732, 4, -1, 0, -1, 7, 0.005142857142857143, 0.00425531914893617, 0.006535947712418301, 194, 235, 18, 3500, 0
2023-10-12 11:01:35.969, kiggs_, 3500, 0.12544158461918942, 4, -1, 1, -1, 0, 0.04730928444707274, 0.025, 0.1, 21, 40, 160, 3500, 118
2023-10-12 11:01:36.013, kiggs_, 3500, 0.12240397425807714, 4, -1, 1, -1, 1, 0.04494712103407756, 0.012987012987012988, 0.1, 22, 77, 153, 3500, 96
2023-10-12 11:01:36.07, kiggs_, 3500, 0.11107935144295311, 4, -1, 1, -1, 2, 0.02342857142857143, 0.008, 0.1, 42, 125, 82, 3500, 0
2023-10-12 11:01:36.128, kiggs_, 3500, 0.13032954222468485, 4, -1, 1, -1, 3, 0.025648414985590777, 0.015384615384615385, 0.07142857142857142, 38, 65, 89, 3500, 30
2023-10-12 11:01:36.18, kiggs_, 3500, 0.3750688670741411, 4, -1, 1, -1, 4, 0.0025714285714285713, 0.00228310502283105, 0.0031645569620253164, 388, 438, 9, 3500, 0
2023-10-12 11:01:36.252, kiggs_, 3500, 0.3750688670741411, 4, -1, 1, -1, 5, 0.0025714285714285713, 0.00228310502283105, 0.0031645569620253164, 388, 438, 9, 3500, 0
2023-10-12 11:01:36.281, kiggs_, 3500, 0.3750688670741411, 4, -1, 1, -1, 6, 0.0025714285714285713, 0.00228310502283105, 0.0031645569620253164, 388, 438, 9, 3500, 0
2023-10-12 11:01:36.323, kiggs_, 3500, 0.3750688670741411, 4, -1, 1, -1, 7, 0.0025714285714285713, 0.00228310502283105, 0.0031645569620253164, 388, 438, 9, 3500, 0
2023-10-12 11:05:29.385, kiggs_, 3500, 0.09066511374639541, 0, -1, 0, -1, 0, 0.09428383705650459, 0.045454545454545456, 0.3333333333333333, 10, 22, 287, 3500, 456
2023-10-12 11:05:29.428, kiggs_, 3500, 0.07803513316820987, 0, -1, 0, -1, 1, 0.08872517616912236, 0.023255813953488372, 0.3333333333333333, 11, 43, 277, 3500, 378
2023-10-12 11:05:29.469, kiggs_, 3500, 0.03936080942244358, 0, -1, 0, -1, 2, 0.04507710557532621, 0.013888888888888888, 0.25, 22, 72, 152, 3500, 128
2023-10-12 11:05:29.523, kiggs_, 3500, 0.03863423580376413, 0, -1, 0, -1, 3, 0.011428571428571429, 0.007936507936507936, 0.022727272727272728, 87, 126, 40, 3500, 0
2023-10-12 11:05:29.552, kiggs_, 3500, 0.2599210498948732, 0, -1, 0, -1, 4, 0.005142857142857143, 0.00425531914893617, 0.006535947712418301, 194, 235, 18, 3500, 0
2023-10-12 11:05:30.71, kiggs_, 3500, 0.2599210498948732, 0, -1, 0, -1, 5, 0.005142857142857143, 0.00425531914893617, 0.006535947712418301, 194, 235, 18, 3500, 0
2023-10-12 11:05:30.837, kiggs_, 3500, 0.2599210498948732, 0, -1, 0, -1, 6, 0.005142857142857143, 0.00425531914893617, 0.006535947712418301, 194, 235, 18, 3500, 0
2023-10-12 11:05:31.631, kiggs_, 3500, 0.2599210498948732, 0, -1, 0, -1, 7, 0.005142857142857143, 0.00425531914893617, 0.006535947712418301, 194, 235, 18, 3500, 0
2023-10-12 11:05:32.455, kiggs_, 3500, 0.12544158461918942, 0, -1, 1, -1, 0, 0.04730928444707274, 0.025, 0.1, 21, 40, 160, 3500, 118
2023-10-12 11:05:32.675, kiggs_, 3500, 0.12240397425807714, 0, -1, 1, -1, 1, 0.04494712103407756, 0.012987012987012988, 0.1, 22, 77, 153, 3500, 96
2023-10-12 11:05:32.755, kiggs_, 3500, 0.11107935144295311, 0, -1, 1, -1, 2, 0.02342857142857143, 0.008, 0.1, 42, 125, 82, 3500, 0
2023-10-12 11:05:32.83, kiggs_, 3500, 0.13032954222468485, 0, -1, 1, -1, 3, 0.025648414985590777, 0.015384615384615385, 0.07142857142857142, 38, 65, 89, 3500, 30
2023-10-12 11:05:32.868, kiggs_, 3500, 0.3750688670741411, 0, -1, 1, -1, 4, 0.0025714285714285713, 0.00228310502283105, 0.0031645569620253164, 388, 438, 9, 3500, 0
2023-10-12 11:05:32.909, kiggs_, 3500, 0.3750688670741411, 0, -1, 1, -1, 5, 0.0025714285714285713, 0.00228310502283105, 0.0031645569620253164, 388, 438, 9, 3500, 0
2023-10-12 11:05:32.975, kiggs_, 3500, 0.3750688670741411, 0, -1, 1, -1, 6, 0.0025714285714285713, 0.00228310502283105, 0.0031645569620253164, 388, 438, 9, 3500, 0
2023-10-12 11:05:33.022, kiggs_, 3500, 0.3750688670741411, 0, -1, 1, -1, 7, 0.0025714285714285713, 0.00228310502283105, 0.0031645569620253164, 388, 438, 9, 3500, 0
2023-10-12 11:05:33.154, kiggs_, 3500, 0.09066511374639541, 1, -1, 0, -1, 0, 0.09428383705650459, 0.045454545454545456, 0.3333333333333333, 10, 22, 287, 3500, 456
2023-10-12 11:05:33.273, kiggs_, 3500, 0.07803513316820987, 1, -1, 0, -1, 1, 0.08872517616912236, 0.023255813953488372, 0.3333333333333333, 11, 43, 277, 3500, 378
2023-10-12 11:05:33.335, kiggs_, 3500, 0.03936080942244358, 1, -1, 0, -1, 2, 0.04507710557532621, 0.013888888888888888, 0.25, 22, 72, 152, 3500, 128
2023-10-12 11:05:33.36, kiggs_, 3500, 0.03863423580376413, 1, -1, 0, -1, 3, 0.011428571428571429, 0.007936507936507936, 0.022727272727272728, 87, 126, 40, 3500, 0
2023-10-12 11:05:33.407, kiggs_, 3500, 0.2599210498948732, 1, -1, 0, -1, 4, 0.005142857142857143, 0.00425531914893617, 0.006535947712418301, 194, 235, 18, 3500, 0
2023-10-12 11:05:33.452, kiggs_, 3500, 0.2599210498948732, 1, -1, 0, -1, 5, 0.005142857142857143, 0.00425531914893617, 0.006535947712418301, 194, 235, 18, 3500, 0
2023-10-12 11:05:33.53, kiggs_, 3500, 0.2599210498948732, 1, -1, 0, -1, 6, 0.005142857142857143, 0.00425531914893617, 0.006535947712418301, 194, 235, 18, 3500, 0
2023-10-12 11:05:33.562, kiggs_, 3500, 0.2599210498948732, 1, -1, 0, -1, 7, 0.005142857142857143, 0.00425531914893617, 0.006535947712418301, 194, 235, 18, 3500, 0
2023-10-12 11:05:33.611, kiggs_, 3500, 0.12544158461918942, 1, -1, 1, -1, 0, 0.04730928444707274, 0.025, 0.1, 21, 40, 160, 3500, 118
2023-10-12 11:05:33.682, kiggs_, 3500, 0.12240397425807714, 1, -1, 1, -1, 1, 0.04494712103407756, 0.012987012987012988, 0.1, 22, 77, 153, 3500, 96
2023-10-12 11:05:33.737, kiggs_, 3500, 0.11107935144295311, 1, -1, 1, -1, 2, 0.02342857142857143, 0.008, 0.1, 42, 125, 82, 3500, 0
2023-10-12 11:05:33.78, kiggs_, 3500, 0.13032954222468485, 1, -1, 1, -1, 3, 0.025648414985590777, 0.015384615384615385, 0.07142857142857142, 38, 65, 89, 3500, 30
2023-10-12 11:05:33.836, kiggs_, 3500, 0.3750688670741411, 1, -1, 1, -1, 4, 0.0025714285714285713, 0.00228310502283105, 0.0031645569620253164, 388, 438, 9, 3500, 0
2023-10-12 11:05:33.868, kiggs_, 3500, 0.3750688670741411, 1, -1, 1, -1, 5, 0.0025714285714285713, 0.00228310502283105, 0.0031645569620253164, 388, 438, 9, 3500, 0
2023-10-12 11:05:33.899, kiggs_, 3500, 0.3750688670741411, 1, -1, 1, -1, 6, 0.0025714285714285713, 0.00228310502283105, 0.0031645569620253164, 388, 438, 9, 3500, 0
2023-10-12 11:05:33.947, kiggs_, 3500, 0.3750688670741411, 1, -1, 1, -1, 7, 0.0025714285714285713, 0.00228310502283105, 0.0031645569620253164, 388, 438, 9, 3500, 0
2023-10-12 11:05:34.056, kiggs_, 3500, 0.09066511374639541, 2, -1, 0, -1, 0, 0.09428383705650459, 0.045454545454545456, 0.3333333333333333, 10, 22, 287, 3500, 456
2023-10-12 11:05:34.419, kiggs_, 3500, 0.07803513316820987, 2, -1, 0, -1, 1, 0.08872517616912236, 0.023255813953488372, 0.3333333333333333, 11, 43, 277, 3500, 378
2023-10-12 11:05:34.497, kiggs_, 3500, 0.03936080942244358, 2, -1, 0, -1, 2, 0.04507710557532621, 0.013888888888888888, 0.25, 22, 72, 152, 3500, 128
2023-10-12 11:05:34.594, kiggs_, 3500, 0.03863423580376413, 2, -1, 0, -1, 3, 0.011428571428571429, 0.007936507936507936, 0.022727272727272728, 87, 126, 40, 3500, 0
2023-10-12 11:05:34.637, kiggs_, 3500, 0.2599210498948732, 2, -1, 0, -1, 4, 0.005142857142857143, 0.00425531914893617, 0.006535947712418301, 194, 235, 18, 3500, 0
2023-10-12 11:05:34.674, kiggs_, 3500, 0.2599210498948732, 2, -1, 0, -1, 5, 0.005142857142857143, 0.00425531914893617, 0.006535947712418301, 194, 235, 18, 3500, 0
2023-10-12 11:05:34.716, kiggs_, 3500, 0.2599210498948732, 2, -1, 0, -1, 6, 0.005142857142857143, 0.00425531914893617, 0.006535947712418301, 194, 235, 18, 3500, 0
2023-10-12 11:05:34.744, kiggs_, 3500, 0.2599210498948732, 2, -1, 0, -1, 7, 0.005142857142857143, 0.00425531914893617, 0.006535947712418301, 194, 235, 18, 3500, 0
2023-10-12 11:05:34.78, kiggs_, 3500, 0.12544158461918942, 2, -1, 1, -1, 0, 0.04730928444707274, 0.025, 0.1, 21, 40, 160, 3500, 118
2023-10-12 11:05:34.82, kiggs_, 3500, 0.12240397425807714, 2, -1, 1, -1, 1, 0.04494712103407756, 0.012987012987012988, 0.1, 22, 77, 153, 3500, 96
2023-10-12 11:05:34.899, kiggs_, 3500, 0.11107935144295311, 2, -1, 1, -1, 2, 0.02342857142857143, 0.008, 0.1, 42, 125, 82, 3500, 0
2023-10-12 11:05:35.17, kiggs_, 3500, 0.13032954222468485, 2, -1, 1, -1, 3, 0.025648414985590777, 0.015384615384615385, 0.07142857142857142, 38, 65, 89, 3500, 30
2023-10-12 11:05:35.299, kiggs_, 3500, 0.3750688670741411, 2, -1, 1, -1, 4, 0.0025714285714285713, 0.00228310502283105, 0.0031645569620253164, 388, 438, 9, 3500, 0
2023-10-12 11:05:35.346, kiggs_, 3500, 0.3750688670741411, 2, -1, 1, -1, 5, 0.0025714285714285713, 0.00228310502283105, 0.0031645569620253164, 388, 438, 9, 3500, 0
2023-10-12 11:05:35.392, kiggs_, 3500, 0.3750688670741411, 2, -1, 1, -1, 6, 0.0025714285714285713, 0.00228310502283105, 0.0031645569620253164, 388, 438, 9, 3500, 0
2023-10-12 11:05:35.602, kiggs_, 3500, 0.3750688670741411, 2, -1, 1, -1, 7, 0.0025714285714285713, 0.00228310502283105, 0.0031645569620253164, 388, 438, 9, 3500, 0
2023-10-12 11:05:35.659, kiggs_, 3500, 0.09066511374639541, 3, -1, 0, -1, 0, 0.09428383705650459, 0.045454545454545456, 0.3333333333333333, 10, 22, 287, 3500, 456
2023-10-12 11:05:35.726, kiggs_, 3500, 0.07803513316820987, 3, -1, 0, -1, 1, 0.08872517616912236, 0.023255813953488372, 0.3333333333333333, 11, 43, 277, 3500, 378
2023-10-12 11:05:35.76, kiggs_, 3500, 0.03936080942244358, 3, -1, 0, -1, 2, 0.04507710557532621, 0.013888888888888888, 0.25, 22, 72, 152, 3500, 128
2023-10-12 11:05:35.914, kiggs_, 3500, 0.03863423580376413, 3, -1, 0, -1, 3, 0.011428571428571429, 0.007936507936507936, 0.022727272727272728, 87, 126, 40, 3500, 0
2023-10-12 11:05:35.95, kiggs_, 3500, 0.2599210498948732, 3, -1, 0, -1, 4, 0.005142857142857143, 0.00425531914893617, 0.006535947712418301, 194, 235, 18, 3500, 0
2023-10-12 11:05:35.991, kiggs_, 3500, 0.2599210498948732, 3, -1, 0, -1, 5, 0.005142857142857143, 0.00425531914893617, 0.006535947712418301, 194, 235, 18, 3500, 0
2023-10-12 11:05:36.112, kiggs_, 3500, 0.2599210498948732, 3, -1, 0, -1, 6, 0.005142857142857143, 0.00425531914893617, 0.006535947712418301, 194, 235, 18, 3500, 0
2023-10-12 11:05:36.151, kiggs_, 3500, 0.2599210498948732, 3, -1, 0, -1, 7, 0.005142857142857143, 0.00425531914893617, 0.006535947712418301, 194, 235, 18, 3500, 0
2023-10-12 11:05:36.196, kiggs_, 3500, 0.12544158461918942, 3, -1, 1, -1, 0, 0.04730928444707274, 0.025, 0.1, 21, 40, 160, 3500, 118
2023-10-12 11:05:36.35, kiggs_, 3500, 0.12240397425807714, 3, -1, 1, -1, 1, 0.04494712103407756, 0.012987012987012988, 0.1, 22, 77, 153, 3500, 96
2023-10-12 11:05:37.684, kiggs_, 3500, 0.11107935144295311, 3, -1, 1, -1, 2, 0.02342857142857143, 0.008, 0.1, 42, 125, 82, 3500, 0
2023-10-12 11:05:39.279, kiggs_, 3500, 0.13032954222468485, 3, -1, 1, -1, 3, 0.025648414985590777, 0.015384615384615385, 0.07142857142857142, 38, 65, 89, 3500, 30
2023-10-12 11:05:39.604, kiggs_, 3500, 0.3750688670741411, 3, -1, 1, -1, 4, 0.0025714285714285713, 0.00228310502283105, 0.0031645569620253164, 388, 438, 9, 3500, 0
2023-10-12 11:05:39.728, kiggs_, 3500, 0.3750688670741411, 3, -1, 1, -1, 5, 0.0025714285714285713, 0.00228310502283105, 0.0031645569620253164, 388, 438, 9, 3500, 0
2023-10-12 11:05:39.864, kiggs_, 3500, 0.3750688670741411, 3, -1, 1, -1, 6, 0.0025714285714285713, 0.00228310502283105, 0.0031645569620253164, 388, 438, 9, 3500, 0
2023-10-12 11:05:39.896, kiggs_, 3500, 0.3750688670741411, 3, -1, 1, -1, 7, 0.0025714285714285713, 0.00228310502283105, 0.0031645569620253164, 388, 438, 9, 3500, 0
2023-10-12 11:05:39.936, kiggs_, 3500, 0.09066511374639541, 4, -1, 0, -1, 0, 0.09428383705650459, 0.045454545454545456, 0.3333333333333333, 10, 22, 287, 3500, 456
2023-10-12 11:05:39.961, kiggs_, 3500, 0.07803513316820987, 4, -1, 0, -1, 1, 0.08872517616912236, 0.023255813953488372, 0.3333333333333333, 11, 43, 277, 3500, 378
2023-10-12 11:05:40.0, kiggs_, 3500, 0.03936080942244358, 4, -1, 0, -1, 2, 0.04507710557532621, 0.013888888888888888, 0.25, 22, 72, 152, 3500, 128
2023-10-12 11:05:40.137, kiggs_, 3500, 0.03863423580376413, 4, -1, 0, -1, 3, 0.011428571428571429, 0.007936507936507936, 0.022727272727272728, 87, 126, 40, 3500, 0
2023-10-12 11:05:40.487, kiggs_, 3500, 0.2599210498948732, 4, -1, 0, -1, 4, 0.005142857142857143, 0.00425531914893617, 0.006535947712418301, 194, 235, 18, 3500, 0
2023-10-12 11:05:40.836, kiggs_, 3500, 0.2599210498948732, 4, -1, 0, -1, 5, 0.005142857142857143, 0.00425531914893617, 0.006535947712418301, 194, 235, 18, 3500, 0
2023-10-12 11:05:41.657, kiggs_, 3500, 0.2599210498948732, 4, -1, 0, -1, 6, 0.005142857142857143, 0.00425531914893617, 0.006535947712418301, 194, 235, 18, 3500, 0
2023-10-12 11:05:42.527, kiggs_, 3500, 0.2599210498948732, 4, -1, 0, -1, 7, 0.005142857142857143, 0.00425531914893617, 0.006535947712418301, 194, 235, 18, 3500, 0
2023-10-12 11:05:43.415, kiggs_, 3500, 0.12544158461918942, 4, -1, 1, -1, 0, 0.04730928444707274, 0.025, 0.1, 21, 40, 160, 3500, 118
2023-10-12 11:05:43.704, kiggs_, 3500, 0.12240397425807714, 4, -1, 1, -1, 1, 0.04494712103407756, 0.012987012987012988, 0.1, 22, 77, 153, 3500, 96
2023-10-12 11:05:43.94, kiggs_, 3500, 0.11107935144295311, 4, -1, 1, -1, 2, 0.02342857142857143, 0.008, 0.1, 42, 125, 82, 3500, 0
2023-10-12 11:05:43.981, kiggs_, 3500, 0.13032954222468485, 4, -1, 1, -1, 3, 0.025648414985590777, 0.015384615384615385, 0.07142857142857142, 38, 65, 89, 3500, 30
2023-10-12 11:05:44.038, kiggs_, 3500, 0.3750688670741411, 4, -1, 1, -1, 4, 0.0025714285714285713, 0.00228310502283105, 0.0031645569620253164, 388, 438, 9, 3500, 0
2023-10-12 11:05:44.06, kiggs_, 3500, 0.3750688670741411, 4, -1, 1, -1, 5, 0.0025714285714285713, 0.00228310502283105, 0.0031645569620253164, 388, 438, 9, 3500, 0
2023-10-12 11:05:44.111, kiggs_, 3500, 0.3750688670741411, 4, -1, 1, -1, 6, 0.0025714285714285713, 0.00228310502283105, 0.0031645569620253164, 388, 438, 9, 3500, 0
2023-10-12 11:05:44.131, kiggs_, 3500, 0.3750688670741411, 4, -1, 1, -1, 7, 0.0025714285714285713, 0.00228310502283105, 0.0031645569620253164, 388, 438, 9, 3500, 0
2023-10-12 11:07:02.42, kiggs_, 3500, 0.09066511374639541, 0, -1, 0, -1, 0, 0.09428383705650459, 0.045454545454545456, 0.3333333333333333, 10, 22, 287, 3500, 456
2023-10-12 11:07:02.876, kiggs_, 3500, 0.07803513316820987, 0, -1, 0, -1, 1, 0.08872517616912236, 0.023255813953488372, 0.3333333333333333, 11, 43, 277, 3500, 378
2023-10-12 11:07:02.926, kiggs_, 3500, 0.03936080942244358, 0, -1, 0, -1, 2, 0.04507710557532621, 0.013888888888888888, 0.25, 22, 72, 152, 3500, 128
2023-10-12 11:07:03.017, kiggs_, 3500, 0.03863423580376413, 0, -1, 0, -1, 3, 0.011428571428571429, 0.007936507936507936, 0.022727272727272728, 87, 126, 40, 3500, 0
2023-10-12 11:07:03.09, kiggs_, 3500, 0.2599210498948732, 0, -1, 0, -1, 4, 0.005142857142857143, 0.00425531914893617, 0.006535947712418301, 194, 235, 18, 3500, 0
2023-10-12 11:07:03.109, kiggs_, 3500, 0.2599210498948732, 0, -1, 0, -1, 5, 0.005142857142857143, 0.00425531914893617, 0.006535947712418301, 194, 235, 18, 3500, 0
2023-10-12 11:07:03.125, kiggs_, 3500, 0.2599210498948732, 0, -1, 0, -1, 6, 0.005142857142857143, 0.00425531914893617, 0.006535947712418301, 194, 235, 18, 3500, 0
2023-10-12 11:07:03.137, kiggs_, 3500, 0.2599210498948732, 0, -1, 0, -1, 7, 0.005142857142857143, 0.00425531914893617, 0.006535947712418301, 194, 235, 18, 3500, 0
2023-10-12 11:07:03.155, kiggs_, 3500, 0.12544158461918942, 0, -1, 1, -1, 0, 0.04730928444707274, 0.025, 0.1, 21, 40, 160, 3500, 118
2023-10-12 11:07:03.182, kiggs_, 3500, 0.12240397425807714, 0, -1, 1, -1, 1, 0.04494712103407756, 0.012987012987012988, 0.1, 22, 77, 153, 3500, 96
2023-10-12 11:07:03.215, kiggs_, 3500, 0.11107935144295311, 0, -1, 1, -1, 2, 0.02342857142857143, 0.008, 0.1, 42, 125, 82, 3500, 0
2023-10-12 11:07:03.236, kiggs_, 3500, 0.13032954222468485, 0, -1, 1, -1, 3, 0.025648414985590777, 0.015384615384615385, 0.07142857142857142, 38, 65, 89, 3500, 30
2023-10-12 11:07:03.258, kiggs_, 3500, 0.3750688670741411, 0, -1, 1, -1, 4, 0.0025714285714285713, 0.00228310502283105, 0.0031645569620253164, 388, 438, 9, 3500, 0
2023-10-12 11:07:03.272, kiggs_, 3500, 0.3750688670741411, 0, -1, 1, -1, 5, 0.0025714285714285713, 0.00228310502283105, 0.0031645569620253164, 388, 438, 9, 3500, 0
2023-10-12 11:07:03.297, kiggs_, 3500, 0.3750688670741411, 0, -1, 1, -1, 6, 0.0025714285714285713, 0.00228310502283105, 0.0031645569620253164, 388, 438, 9, 3500, 0
2023-10-12 11:07:03.335, kiggs_, 3500, 0.3750688670741411, 0, -1, 1, -1, 7, 0.0025714285714285713, 0.00228310502283105, 0.0031645569620253164, 388, 438, 9, 3500, 0
2023-10-12 11:07:03.427, kiggs_, 3500, 0.09066511374639541, 1, -1, 0, -1, 0, 0.09428383705650459, 0.045454545454545456, 0.3333333333333333, 10, 22, 287, 3500, 456
2023-10-12 11:07:03.653, kiggs_, 3500, 0.07803513316820987, 1, -1, 0, -1, 1, 0.08872517616912236, 0.023255813953488372, 0.3333333333333333, 11, 43, 277, 3500, 378
2023-10-12 11:07:03.676, kiggs_, 3500, 0.03936080942244358, 1, -1, 0, -1, 2, 0.04507710557532621, 0.013888888888888888, 0.25, 22, 72, 152, 3500, 128
2023-10-12 11:07:03.724, kiggs_, 3500, 0.03863423580376413, 1, -1, 0, -1, 3, 0.011428571428571429, 0.007936507936507936, 0.022727272727272728, 87, 126, 40, 3500, 0
2023-10-12 11:07:03.751, kiggs_, 3500, 0.2599210498948732, 1, -1, 0, -1, 4, 0.005142857142857143, 0.00425531914893617, 0.006535947712418301, 194, 235, 18, 3500, 0
2023-10-12 11:07:03.835, kiggs_, 3500, 0.2599210498948732, 1, -1, 0, -1, 5, 0.005142857142857143, 0.00425531914893617, 0.006535947712418301, 194, 235, 18, 3500, 0
2023-10-12 11:07:03.86, kiggs_, 3500, 0.2599210498948732, 1, -1, 0, -1, 6, 0.005142857142857143, 0.00425531914893617, 0.006535947712418301, 194, 235, 18, 3500, 0
2023-10-12 11:07:03.891, kiggs_, 3500, 0.2599210498948732, 1, -1, 0, -1, 7, 0.005142857142857143, 0.00425531914893617, 0.006535947712418301, 194, 235, 18, 3500, 0
2023-10-12 11:07:03.914, kiggs_, 3500, 0.12544158461918942, 1, -1, 1, -1, 0, 0.04730928444707274, 0.025, 0.1, 21, 40, 160, 3500, 118
2023-10-12 11:07:03.927, kiggs_, 3500, 0.12240397425807714, 1, -1, 1, -1, 1, 0.04494712103407756, 0.012987012987012988, 0.1, 22, 77, 153, 3500, 96
2023-10-12 11:07:03.95, kiggs_, 3500, 0.11107935144295311, 1, -1, 1, -1, 2, 0.02342857142857143, 0.008, 0.1, 42, 125, 82, 3500, 0
2023-10-12 11:07:03.961, kiggs_, 3500, 0.13032954222468485, 1, -1, 1, -1, 3, 0.025648414985590777, 0.015384615384615385, 0.07142857142857142, 38, 65, 89, 3500, 30
2023-10-12 11:07:03.971, kiggs_, 3500, 0.3750688670741411, 1, -1, 1, -1, 4, 0.0025714285714285713, 0.00228310502283105, 0.0031645569620253164, 388, 438, 9, 3500, 0
2023-10-12 11:07:03.992, kiggs_, 3500, 0.3750688670741411, 1, -1, 1, -1, 5, 0.0025714285714285713, 0.00228310502283105, 0.0031645569620253164, 388, 438, 9, 3500, 0
2023-10-12 11:07:04.015, kiggs_, 3500, 0.3750688670741411, 1, -1, 1, -1, 6, 0.0025714285714285713, 0.00228310502283105, 0.0031645569620253164, 388, 438, 9, 3500, 0
2023-10-12 11:07:04.04, kiggs_, 3500, 0.3750688670741411, 1, -1, 1, -1, 7, 0.0025714285714285713, 0.00228310502283105, 0.0031645569620253164, 388, 438, 9, 3500, 0
2023-10-12 11:07:04.062, kiggs_, 3500, 0.09066511374639541, 2, -1, 0, -1, 0, 0.09428383705650459, 0.045454545454545456, 0.3333333333333333, 10, 22, 287, 3500, 456
2023-10-12 11:07:04.139, kiggs_, 3500, 0.07803513316820987, 2, -1, 0, -1, 1, 0.08872517616912236, 0.023255813953488372, 0.3333333333333333, 11, 43, 277, 3500, 378
2023-10-12 11:07:04.16, kiggs_, 3500, 0.03936080942244358, 2, -1, 0, -1, 2, 0.04507710557532621, 0.013888888888888888, 0.25, 22, 72, 152, 3500, 128
2023-10-12 11:07:04.184, kiggs_, 3500, 0.03863423580376413, 2, -1, 0, -1, 3, 0.011428571428571429, 0.007936507936507936, 0.022727272727272728, 87, 126, 40, 3500, 0
2023-10-12 11:07:04.205, kiggs_, 3500, 0.2599210498948732, 2, -1, 0, -1, 4, 0.005142857142857143, 0.00425531914893617, 0.006535947712418301, 194, 235, 18, 3500, 0
2023-10-12 11:07:04.223, kiggs_, 3500, 0.2599210498948732, 2, -1, 0, -1, 5, 0.005142857142857143, 0.00425531914893617, 0.006535947712418301, 194, 235, 18, 3500, 0
2023-10-12 11:07:04.232, kiggs_, 3500, 0.2599210498948732, 2, -1, 0, -1, 6, 0.005142857142857143, 0.00425531914893617, 0.006535947712418301, 194, 235, 18, 3500, 0
2023-10-12 11:07:04.246, kiggs_, 3500, 0.2599210498948732, 2, -1, 0, -1, 7, 0.005142857142857143, 0.00425531914893617, 0.006535947712418301, 194, 235, 18, 3500, 0
2023-10-12 11:07:04.307, kiggs_, 3500, 0.12544158461918942, 2, -1, 1, -1, 0, 0.04730928444707274, 0.025, 0.1, 21, 40, 160, 3500, 118
2023-10-12 11:07:04.323, kiggs_, 3500, 0.12240397425807714, 2, -1, 1, -1, 1, 0.04494712103407756, 0.012987012987012988, 0.1, 22, 77, 153, 3500, 96
2023-10-12 11:07:04.346, kiggs_, 3500, 0.11107935144295311, 2, -1, 1, -1, 2, 0.02342857142857143, 0.008, 0.1, 42, 125, 82, 3500, 0
2023-10-12 11:07:04.423, kiggs_, 3500, 0.13032954222468485, 2, -1, 1, -1, 3, 0.025648414985590777, 0.015384615384615385, 0.07142857142857142, 38, 65, 89, 3500, 30
2023-10-12 11:07:04.449, kiggs_, 3500, 0.3750688670741411, 2, -1, 1, -1, 4, 0.0025714285714285713, 0.00228310502283105, 0.0031645569620253164, 388, 438, 9, 3500, 0
2023-10-12 11:07:04.47, kiggs_, 3500, 0.3750688670741411, 2, -1, 1, -1, 5, 0.0025714285714285713, 0.00228310502283105, 0.0031645569620253164, 388, 438, 9, 3500, 0
2023-10-12 11:07:04.485, kiggs_, 3500, 0.3750688670741411, 2, -1, 1, -1, 6, 0.0025714285714285713, 0.00228310502283105, 0.0031645569620253164, 388, 438, 9, 3500, 0
2023-10-12 11:07:04.499, kiggs_, 3500, 0.3750688670741411, 2, -1, 1, -1, 7, 0.0025714285714285713, 0.00228310502283105, 0.0031645569620253164, 388, 438, 9, 3500, 0
2023-10-12 11:07:04.533, kiggs_, 3500, 0.09066511374639541, 3, -1, 0, -1, 0, 0.09428383705650459, 0.045454545454545456, 0.3333333333333333, 10, 22, 287, 3500, 456
2023-10-12 11:07:04.555, kiggs_, 3500, 0.07803513316820987, 3, -1, 0, -1, 1, 0.08872517616912236, 0.023255813953488372, 0.3333333333333333, 11, 43, 277, 3500, 378
2023-10-12 11:07:04.579, kiggs_, 3500, 0.03936080942244358, 3, -1, 0, -1, 2, 0.04507710557532621, 0.013888888888888888, 0.25, 22, 72, 152, 3500, 128
2023-10-12 11:07:04.608, kiggs_, 3500, 0.03863423580376413, 3, -1, 0, -1, 3, 0.011428571428571429, 0.007936507936507936, 0.022727272727272728, 87, 126, 40, 3500, 0
2023-10-12 11:07:04.632, kiggs_, 3500, 0.2599210498948732, 3, -1, 0, -1, 4, 0.005142857142857143, 0.00425531914893617, 0.006535947712418301, 194, 235, 18, 3500, 0
2023-10-12 11:07:04.648, kiggs_, 3500, 0.2599210498948732, 3, -1, 0, -1, 5, 0.005142857142857143, 0.00425531914893617, 0.006535947712418301, 194, 235, 18, 3500, 0
2023-10-12 11:07:04.681, kiggs_, 3500, 0.2599210498948732, 3, -1, 0, -1, 6, 0.005142857142857143, 0.00425531914893617, 0.006535947712418301, 194, 235, 18, 3500, 0
2023-10-12 11:07:04.704, kiggs_, 3500, 0.2599210498948732, 3, -1, 0, -1, 7, 0.005142857142857143, 0.00425531914893617, 0.006535947712418301, 194, 235, 18, 3500, 0
2023-10-12 11:07:04.737, kiggs_, 3500, 0.12544158461918942, 3, -1, 1, -1, 0, 0.04730928444707274, 0.025, 0.1, 21, 40, 160, 3500, 118
2023-10-12 11:07:04.763, kiggs_, 3500, 0.12240397425807714, 3, -1, 1, -1, 1, 0.04494712103407756, 0.012987012987012988, 0.1, 22, 77, 153, 3500, 96
2023-10-12 11:07:04.819, kiggs_, 3500, 0.11107935144295311, 3, -1, 1, -1, 2, 0.02342857142857143, 0.008, 0.1, 42, 125, 82, 3500, 0
2023-10-12 11:07:04.846, kiggs_, 3500, 0.13032954222468485, 3, -1, 1, -1, 3, 0.025648414985590777, 0.015384615384615385, 0.07142857142857142, 38, 65, 89, 3500, 30
2023-10-12 11:07:04.856, kiggs_, 3500, 0.3750688670741411, 3, -1, 1, -1, 4, 0.0025714285714285713, 0.00228310502283105, 0.0031645569620253164, 388, 438, 9, 3500, 0
2023-10-12 11:07:04.96, kiggs_, 3500, 0.3750688670741411, 3, -1, 1, -1, 5, 0.0025714285714285713, 0.00228310502283105, 0.0031645569620253164, 388, 438, 9, 3500, 0
2023-10-12 11:07:04.982, kiggs_, 3500, 0.3750688670741411, 3, -1, 1, -1, 6, 0.0025714285714285713, 0.00228310502283105, 0.0031645569620253164, 388, 438, 9, 3500, 0
2023-10-12 11:07:04.994, kiggs_, 3500, 0.3750688670741411, 3, -1, 1, -1, 7, 0.0025714285714285713, 0.00228310502283105, 0.0031645569620253164, 388, 438, 9, 3500, 0
2023-10-12 11:07:05.008, kiggs_, 3500, 0.09066511374639541, 4, -1, 0, -1, 0, 0.09428383705650459, 0.045454545454545456, 0.3333333333333333, 10, 22, 287, 3500, 456
2023-10-12 11:07:05.04, kiggs_, 3500, 0.07803513316820987, 4, -1, 0, -1, 1, 0.08872517616912236, 0.023255813953488372, 0.3333333333333333, 11, 43, 277, 3500, 378
2023-10-12 11:07:05.065, kiggs_, 3500, 0.03936080942244358, 4, -1, 0, -1, 2, 0.04507710557532621, 0.013888888888888888, 0.25, 22, 72, 152, 3500, 128
2023-10-12 11:07:05.073, kiggs_, 3500, 0.03863423580376413, 4, -1, 0, -1, 3, 0.011428571428571429, 0.007936507936507936, 0.022727272727272728, 87, 126, 40, 3500, 0
2023-10-12 11:07:05.104, kiggs_, 3500, 0.2599210498948732, 4, -1, 0, -1, 4, 0.005142857142857143, 0.00425531914893617, 0.006535947712418301, 194, 235, 18, 3500, 0
2023-10-12 11:07:05.115, kiggs_, 3500, 0.2599210498948732, 4, -1, 0, -1, 5, 0.005142857142857143, 0.00425531914893617, 0.006535947712418301, 194, 235, 18, 3500, 0
2023-10-12 11:07:05.222, kiggs_, 3500, 0.2599210498948732, 4, -1, 0, -1, 6, 0.005142857142857143, 0.00425531914893617, 0.006535947712418301, 194, 235, 18, 3500, 0
2023-10-12 11:07:05.237, kiggs_, 3500, 0.2599210498948732, 4, -1, 0, -1, 7, 0.005142857142857143, 0.00425531914893617, 0.006535947712418301, 194, 235, 18, 3500, 0
2023-10-12 11:07:05.265, kiggs_, 3500, 0.12544158461918942, 4, -1, 1, -1, 0, 0.04730928444707274, 0.025, 0.1, 21, 40, 160, 3500, 118
2023-10-12 11:07:05.284, kiggs_, 3500, 0.12240397425807714, 4, -1, 1, -1, 1, 0.04494712103407756, 0.012987012987012988, 0.1, 22, 77, 153, 3500, 96
2023-10-12 11:07:05.305, kiggs_, 3500, 0.11107935144295311, 4, -1, 1, -1, 2, 0.02342857142857143, 0.008, 0.1, 42, 125, 82, 3500, 0
2023-10-12 11:07:05.319, kiggs_, 3500, 0.13032954222468485, 4, -1, 1, -1, 3, 0.025648414985590777, 0.015384615384615385, 0.07142857142857142, 38, 65, 89, 3500, 30
2023-10-12 11:07:05.327, kiggs_, 3500, 0.3750688670741411, 4, -1, 1, -1, 4, 0.0025714285714285713, 0.00228310502283105, 0.0031645569620253164, 388, 438, 9, 3500, 0
2023-10-12 11:07:05.366, kiggs_, 3500, 0.3750688670741411, 4, -1, 1, -1, 5, 0.0025714285714285713, 0.00228310502283105, 0.0031645569620253164, 388, 438, 9, 3500, 0
2023-10-12 11:07:05.375, kiggs_, 3500, 0.3750688670741411, 4, -1, 1, -1, 6, 0.0025714285714285713, 0.00228310502283105, 0.0031645569620253164, 388, 438, 9, 3500, 0
2023-10-12 11:07:05.388, kiggs_, 3500, 0.3750688670741411, 4, -1, 1, -1, 7, 0.0025714285714285713, 0.00228310502283105, 0.0031645569620253164, 388, 438, 9, 3500, 0
2023-10-12 11:08:37.735, kiggs_, 3500, 0.09066511374639541, 0, -1, 0, -1, 0, 0.09428383705650459, 0.045454545454545456, 0.3333333333333333, 10, 22, 287, 3500, 456
2023-10-12 11:08:37.938, kiggs_, 3500, 0.07803513316820987, 0, -1, 0, -1, 1, 0.08872517616912236, 0.023255813953488372, 0.3333333333333333, 11, 43, 277, 3500, 378
2023-10-12 11:08:38.025, kiggs_, 3500, 0.03936080942244358, 0, -1, 0, -1, 2, 0.04507710557532621, 0.013888888888888888, 0.25, 22, 72, 152, 3500, 128
2023-10-12 11:08:38.214, kiggs_, 3500, 0.03863423580376413, 0, -1, 0, -1, 3, 0.011428571428571429, 0.007936507936507936, 0.022727272727272728, 87, 126, 40, 3500, 0
2023-10-12 11:08:38.564, kiggs_, 3500, 0.2599210498948732, 0, -1, 0, -1, 4, 0.005142857142857143, 0.00425531914893617, 0.006535947712418301, 194, 235, 18, 3500, 0
2023-10-12 11:08:38.642, kiggs_, 3500, 0.2599210498948732, 0, -1, 0, -1, 5, 0.005142857142857143, 0.00425531914893617, 0.006535947712418301, 194, 235, 18, 3500, 0
2023-10-12 11:08:39.054, kiggs_, 3500, 0.2599210498948732, 0, -1, 0, -1, 6, 0.005142857142857143, 0.00425531914893617, 0.006535947712418301, 194, 235, 18, 3500, 0
2023-10-12 11:08:39.301, kiggs_, 3500, 0.2599210498948732, 0, -1, 0, -1, 7, 0.005142857142857143, 0.00425531914893617, 0.006535947712418301, 194, 235, 18, 3500, 0
2023-10-12 11:08:39.387, kiggs_, 3500, 0.12544158461918942, 0, -1, 1, -1, 0, 0.04730928444707274, 0.025, 0.1, 21, 40, 160, 3500, 118
2023-10-12 11:08:39.449, kiggs_, 3500, 0.12240397425807714, 0, -1, 1, -1, 1, 0.04494712103407756, 0.012987012987012988, 0.1, 22, 77, 153, 3500, 96
2023-10-12 11:08:39.521, kiggs_, 3500, 0.11107935144295311, 0, -1, 1, -1, 2, 0.02342857142857143, 0.008, 0.1, 42, 125, 82, 3500, 0
2023-10-12 11:08:39.603, kiggs_, 3500, 0.13032954222468485, 0, -1, 1, -1, 3, 0.025648414985590777, 0.015384615384615385, 0.07142857142857142, 38, 65, 89, 3500, 30
2023-10-12 11:08:39.63, kiggs_, 3500, 0.3750688670741411, 0, -1, 1, -1, 4, 0.0025714285714285713, 0.00228310502283105, 0.0031645569620253164, 388, 438, 9, 3500, 0
2023-10-12 11:08:39.643, kiggs_, 3500, 0.3750688670741411, 0, -1, 1, -1, 5, 0.0025714285714285713, 0.00228310502283105, 0.0031645569620253164, 388, 438, 9, 3500, 0
2023-10-12 11:08:39.664, kiggs_, 3500, 0.3750688670741411, 0, -1, 1, -1, 6, 0.0025714285714285713, 0.00228310502283105, 0.0031645569620253164, 388, 438, 9, 3500, 0
2023-10-12 11:08:39.717, kiggs_, 3500, 0.3750688670741411, 0, -1, 1, -1, 7, 0.0025714285714285713, 0.00228310502283105, 0.0031645569620253164, 388, 438, 9, 3500, 0
2023-10-12 11:08:39.766, kiggs_, 3500, 0.09066511374639541, 1, -1, 0, -1, 0, 0.09428383705650459, 0.045454545454545456, 0.3333333333333333, 10, 22, 287, 3500, 456
2023-10-12 11:08:39.79, kiggs_, 3500, 0.07803513316820987, 1, -1, 0, -1, 1, 0.08872517616912236, 0.023255813953488372, 0.3333333333333333, 11, 43, 277, 3500, 378
2023-10-12 11:08:39.831, kiggs_, 3500, 0.03936080942244358, 1, -1, 0, -1, 2, 0.04507710557532621, 0.013888888888888888, 0.25, 22, 72, 152, 3500, 128
2023-10-12 11:08:39.846, kiggs_, 3500, 0.03863423580376413, 1, -1, 0, -1, 3, 0.011428571428571429, 0.007936507936507936, 0.022727272727272728, 87, 126, 40, 3500, 0
2023-10-12 11:08:39.871, kiggs_, 3500, 0.2599210498948732, 1, -1, 0, -1, 4, 0.005142857142857143, 0.00425531914893617, 0.006535947712418301, 194, 235, 18, 3500, 0
2023-10-12 11:08:39.899, kiggs_, 3500, 0.2599210498948732, 1, -1, 0, -1, 5, 0.005142857142857143, 0.00425531914893617, 0.006535947712418301, 194, 235, 18, 3500, 0
2023-10-12 11:08:39.923, kiggs_, 3500, 0.2599210498948732, 1, -1, 0, -1, 6, 0.005142857142857143, 0.00425531914893617, 0.006535947712418301, 194, 235, 18, 3500, 0
2023-10-12 11:08:39.956, kiggs_, 3500, 0.2599210498948732, 1, -1, 0, -1, 7, 0.005142857142857143, 0.00425531914893617, 0.006535947712418301, 194, 235, 18, 3500, 0
2023-10-12 11:08:40.257, kiggs_, 3500, 0.12544158461918942, 1, -1, 1, -1, 0, 0.04730928444707274, 0.025, 0.1, 21, 40, 160, 3500, 118
2023-10-12 11:08:40.726, kiggs_, 3500, 0.12240397425807714, 1, -1, 1, -1, 1, 0.04494712103407756, 0.012987012987012988, 0.1, 22, 77, 153, 3500, 96
2023-10-12 11:08:40.938, kiggs_, 3500, 0.11107935144295311, 1, -1, 1, -1, 2, 0.02342857142857143, 0.008, 0.1, 42, 125, 82, 3500, 0
2023-10-12 11:08:41.533, kiggs_, 3500, 0.13032954222468485, 1, -1, 1, -1, 3, 0.025648414985590777, 0.015384615384615385, 0.07142857142857142, 38, 65, 89, 3500, 30
2023-10-12 11:08:41.902, kiggs_, 3500, 0.3750688670741411, 1, -1, 1, -1, 4, 0.0025714285714285713, 0.00228310502283105, 0.0031645569620253164, 388, 438, 9, 3500, 0
2023-10-12 11:08:41.927, kiggs_, 3500, 0.3750688670741411, 1, -1, 1, -1, 5, 0.0025714285714285713, 0.00228310502283105, 0.0031645569620253164, 388, 438, 9, 3500, 0
2023-10-12 11:08:41.942, kiggs_, 3500, 0.3750688670741411, 1, -1, 1, -1, 6, 0.0025714285714285713, 0.00228310502283105, 0.0031645569620253164, 388, 438, 9, 3500, 0
2023-10-12 11:08:41.969, kiggs_, 3500, 0.3750688670741411, 1, -1, 1, -1, 7, 0.0025714285714285713, 0.00228310502283105, 0.0031645569620253164, 388, 438, 9, 3500, 0
2023-10-12 11:08:42.004, kiggs_, 3500, 0.09066511374639541, 2, -1, 0, -1, 0, 0.09428383705650459, 0.045454545454545456, 0.3333333333333333, 10, 22, 287, 3500, 456
2023-10-12 11:08:42.026, kiggs_, 3500, 0.07803513316820987, 2, -1, 0, -1, 1, 0.08872517616912236, 0.023255813953488372, 0.3333333333333333, 11, 43, 277, 3500, 378
2023-10-12 11:08:42.215, kiggs_, 3500, 0.03936080942244358, 2, -1, 0, -1, 2, 0.04507710557532621, 0.013888888888888888, 0.25, 22, 72, 152, 3500, 128
2023-10-12 11:08:42.269, kiggs_, 3500, 0.03863423580376413, 2, -1, 0, -1, 3, 0.011428571428571429, 0.007936507936507936, 0.022727272727272728, 87, 126, 40, 3500, 0
2023-10-12 11:08:42.408, kiggs_, 3500, 0.2599210498948732, 2, -1, 0, -1, 4, 0.005142857142857143, 0.00425531914893617, 0.006535947712418301, 194, 235, 18, 3500, 0
2023-10-12 11:08:42.43, kiggs_, 3500, 0.2599210498948732, 2, -1, 0, -1, 5, 0.005142857142857143, 0.00425531914893617, 0.006535947712418301, 194, 235, 18, 3500, 0
2023-10-12 11:08:42.453, kiggs_, 3500, 0.2599210498948732, 2, -1, 0, -1, 6, 0.005142857142857143, 0.00425531914893617, 0.006535947712418301, 194, 235, 18, 3500, 0
2023-10-12 11:08:42.467, kiggs_, 3500, 0.2599210498948732, 2, -1, 0, -1, 7, 0.005142857142857143, 0.00425531914893617, 0.006535947712418301, 194, 235, 18, 3500, 0
2023-10-12 11:08:42.482, kiggs_, 3500, 0.12544158461918942, 2, -1, 1, -1, 0, 0.04730928444707274, 0.025, 0.1, 21, 40, 160, 3500, 118
2023-10-12 11:08:42.529, kiggs_, 3500, 0.12240397425807714, 2, -1, 1, -1, 1, 0.04494712103407756, 0.012987012987012988, 0.1, 22, 77, 153, 3500, 96
2023-10-12 11:08:42.557, kiggs_, 3500, 0.11107935144295311, 2, -1, 1, -1, 2, 0.02342857142857143, 0.008, 0.1, 42, 125, 82, 3500, 0
2023-10-12 11:08:42.575, kiggs_, 3500, 0.13032954222468485, 2, -1, 1, -1, 3, 0.025648414985590777, 0.015384615384615385, 0.07142857142857142, 38, 65, 89, 3500, 30
2023-10-12 11:08:42.601, kiggs_, 3500, 0.3750688670741411, 2, -1, 1, -1, 4, 0.0025714285714285713, 0.00228310502283105, 0.0031645569620253164, 388, 438, 9, 3500, 0
2023-10-12 11:08:42.62, kiggs_, 3500, 0.3750688670741411, 2, -1, 1, -1, 5, 0.0025714285714285713, 0.00228310502283105, 0.0031645569620253164, 388, 438, 9, 3500, 0
2023-10-12 11:08:42.633, kiggs_, 3500, 0.3750688670741411, 2, -1, 1, -1, 6, 0.0025714285714285713, 0.00228310502283105, 0.0031645569620253164, 388, 438, 9, 3500, 0
2023-10-12 11:08:42.64, kiggs_, 3500, 0.3750688670741411, 2, -1, 1, -1, 7, 0.0025714285714285713, 0.00228310502283105, 0.0031645569620253164, 388, 438, 9, 3500, 0
2023-10-12 11:08:42.658, kiggs_, 3500, 0.09066511374639541, 3, -1, 0, -1, 0, 0.09428383705650459, 0.045454545454545456, 0.3333333333333333, 10, 22, 287, 3500, 456
2023-10-12 11:08:42.686, kiggs_, 3500, 0.07803513316820987, 3, -1, 0, -1, 1, 0.08872517616912236, 0.023255813953488372, 0.3333333333333333, 11, 43, 277, 3500, 378
2023-10-12 11:08:42.709, kiggs_, 3500, 0.03936080942244358, 3, -1, 0, -1, 2, 0.04507710557532621, 0.013888888888888888, 0.25, 22, 72, 152, 3500, 128
2023-10-12 11:08:42.738, kiggs_, 3500, 0.03863423580376413, 3, -1, 0, -1, 3, 0.011428571428571429, 0.007936507936507936, 0.022727272727272728, 87, 126, 40, 3500, 0
2023-10-12 11:08:42.769, kiggs_, 3500, 0.2599210498948732, 3, -1, 0, -1, 4, 0.005142857142857143, 0.00425531914893617, 0.006535947712418301, 194, 235, 18, 3500, 0
2023-10-12 11:08:42.777, kiggs_, 3500, 0.2599210498948732, 3, -1, 0, -1, 5, 0.005142857142857143, 0.00425531914893617, 0.006535947712418301, 194, 235, 18, 3500, 0
2023-10-12 11:08:42.802, kiggs_, 3500, 0.2599210498948732, 3, -1, 0, -1, 6, 0.005142857142857143, 0.00425531914893617, 0.006535947712418301, 194, 235, 18, 3500, 0
2023-10-12 11:08:42.825, kiggs_, 3500, 0.2599210498948732, 3, -1, 0, -1, 7, 0.005142857142857143, 0.00425531914893617, 0.006535947712418301, 194, 235, 18, 3500, 0
2023-10-12 11:08:42.882, kiggs_, 3500, 0.12544158461918942, 3, -1, 1, -1, 0, 0.04730928444707274, 0.025, 0.1, 21, 40, 160, 3500, 118
2023-10-12 11:08:42.976, kiggs_, 3500, 0.12240397425807714, 3, -1, 1, -1, 1, 0.04494712103407756, 0.012987012987012988, 0.1, 22, 77, 153, 3500, 96
2023-10-12 11:08:42.998, kiggs_, 3500, 0.11107935144295311, 3, -1, 1, -1, 2, 0.02342857142857143, 0.008, 0.1, 42, 125, 82, 3500, 0
2023-10-12 11:08:43.017, kiggs_, 3500, 0.13032954222468485, 3, -1, 1, -1, 3, 0.025648414985590777, 0.015384615384615385, 0.07142857142857142, 38, 65, 89, 3500, 30
2023-10-12 11:08:43.061, kiggs_, 3500, 0.3750688670741411, 3, -1, 1, -1, 4, 0.0025714285714285713, 0.00228310502283105, 0.0031645569620253164, 388, 438, 9, 3500, 0
2023-10-12 11:08:43.147, kiggs_, 3500, 0.3750688670741411, 3, -1, 1, -1, 5, 0.0025714285714285713, 0.00228310502283105, 0.0031645569620253164, 388, 438, 9, 3500, 0
2023-10-12 11:08:43.162, kiggs_, 3500, 0.3750688670741411, 3, -1, 1, -1, 6, 0.0025714285714285713, 0.00228310502283105, 0.0031645569620253164, 388, 438, 9, 3500, 0
2023-10-12 11:08:43.174, kiggs_, 3500, 0.3750688670741411, 3, -1, 1, -1, 7, 0.0025714285714285713, 0.00228310502283105, 0.0031645569620253164, 388, 438, 9, 3500, 0
2023-10-12 11:08:43.221, kiggs_, 3500, 0.09066511374639541, 4, -1, 0, -1, 0, 0.09428383705650459, 0.045454545454545456, 0.3333333333333333, 10, 22, 287, 3500, 456
2023-10-12 11:08:43.29, kiggs_, 3500, 0.07803513316820987, 4, -1, 0, -1, 1, 0.08872517616912236, 0.023255813953488372, 0.3333333333333333, 11, 43, 277, 3500, 378
2023-10-12 11:08:43.311, kiggs_, 3500, 0.03936080942244358, 4, -1, 0, -1, 2, 0.04507710557532621, 0.013888888888888888, 0.25, 22, 72, 152, 3500, 128
2023-10-12 11:08:43.328, kiggs_, 3500, 0.03863423580376413, 4, -1, 0, -1, 3, 0.011428571428571429, 0.007936507936507936, 0.022727272727272728, 87, 126, 40, 3500, 0
2023-10-12 11:08:43.601, kiggs_, 3500, 0.2599210498948732, 4, -1, 0, -1, 4, 0.005142857142857143, 0.00425531914893617, 0.006535947712418301, 194, 235, 18, 3500, 0
2023-10-12 11:08:44.511, kiggs_, 3500, 0.2599210498948732, 4, -1, 0, -1, 5, 0.005142857142857143, 0.00425531914893617, 0.006535947712418301, 194, 235, 18, 3500, 0
2023-10-12 11:08:44.655, kiggs_, 3500, 0.2599210498948732, 4, -1, 0, -1, 6, 0.005142857142857143, 0.00425531914893617, 0.006535947712418301, 194, 235, 18, 3500, 0
2023-10-12 11:08:44.774, kiggs_, 3500, 0.2599210498948732, 4, -1, 0, -1, 7, 0.005142857142857143, 0.00425531914893617, 0.006535947712418301, 194, 235, 18, 3500, 0
2023-10-12 11:08:45.147, kiggs_, 3500, 0.12544158461918942, 4, -1, 1, -1, 0, 0.04730928444707274, 0.025, 0.1, 21, 40, 160, 3500, 118
2023-10-12 11:08:45.193, kiggs_, 3500, 0.12240397425807714, 4, -1, 1, -1, 1, 0.04494712103407756, 0.012987012987012988, 0.1, 22, 77, 153, 3500, 96
2023-10-12 11:08:45.236, kiggs_, 3500, 0.11107935144295311, 4, -1, 1, -1, 2, 0.02342857142857143, 0.008, 0.1, 42, 125, 82, 3500, 0
2023-10-12 11:08:45.289, kiggs_, 3500, 0.13032954222468485, 4, -1, 1, -1, 3, 0.025648414985590777, 0.015384615384615385, 0.07142857142857142, 38, 65, 89, 3500, 30
2023-10-12 11:08:45.477, kiggs_, 3500, 0.3750688670741411, 4, -1, 1, -1, 4, 0.0025714285714285713, 0.00228310502283105, 0.0031645569620253164, 388, 438, 9, 3500, 0
2023-10-12 11:08:45.504, kiggs_, 3500, 0.3750688670741411, 4, -1, 1, -1, 5, 0.0025714285714285713, 0.00228310502283105, 0.0031645569620253164, 388, 438, 9, 3500, 0
2023-10-12 11:08:45.553, kiggs_, 3500, 0.3750688670741411, 4, -1, 1, -1, 6, 0.0025714285714285713, 0.00228310502283105, 0.0031645569620253164, 388, 438, 9, 3500, 0
2023-10-12 11:08:45.626, kiggs_, 3500, 0.3750688670741411, 4, -1, 1, -1, 7, 0.0025714285714285713, 0.00228310502283105, 0.0031645569620253164, 388, 438, 9, 3500, 0
